802899562344181760;micheldordogne;"Normandie : deux morts dans deux accidents de chasse distincts sur Orange Actualit�s";1480261147000;actualites;0;true
802901758599168000;Souhayla_B;"Cin�ma avec tout la famille ???";1480261671000;cinema;4;true
802883626547474433;sisofanarchy;"l'amiti� Malefoy/Potter dans le dernier livre c'est tellement beau ?";1480257348000;harrypotter;4;true
802905055657689088;bbc75tbm;"Happy thanksgiving too. M�me si en France on le f�te pas. ?";1480262457000;france;4;true
802898458856292352;GuerraPerez5;"Nico  est champion du monde";1480260884000;actualites;4;true
802618909094330368;jimlejeune;"3. Exclure un �l�ve sans se poser la question de son avenir, juste s'en d�barrasser, c'est fabriquer de la d�linquance.";1480194234000;delinquance;0;true
802899297629077504;JemniKarima;"Nico Rosberg est champion du monde, la victoire pour Lewis Hamilton � Abu Dhabi  by  via";1480261084000;actualites;4;true
802916889781555200;amelielionnet;"� la base �a devait �tre un week-end tranquille r�vision, puis bah c un peu parti en couille... ?";1480265278000;revision;0;true
802902333512249344;JoeFwi;"H�te de voir les r�actions � la sortie de sausage party au cin�ma, avec en plus la voix de Hanouna c'est la 9eme porte de l'enfer ???";1480261808000;cinema;2;true
802894083878326276;castelgr;"Bonne chance en effet � ce sympathique �tudiant! G Castel";1480259841000;etudiant;4;true
802905089279135744;LeFourkan;"je rigole de fou hahahahaha ! Erdogan qui a plus de voix que Cop� en france ????";1480262465000;france;4;true
802905381475389440;lsailliet;"La suite et la fin du triste feuilleton Hollande. Dommage pour la France ?";1480262534000;france;0;true
802897284937744384;Staffy_F;"Champions du monde de p�re en fils dans la m�me discipline";1480260604000;actualites;4;true
802900879862960128;aliamsi;"J'�tais all� le voir d�s sa sortie cin�ma � Dakar... Je ne pense pas avoir vu meilleur film depuis.";1480261461000;cinema;4;true
802899778891878400;unluckiest_girl;"Cookies, ovomaltine, eau citronn�e = mode r�vision activ�";1480261199000;revision;4;true
802894315290853376;jdanielsenat;"Pr�sidentielle am�ricaine: Donald Trump juge �ridicule� un recomptage des voix  via";1480259896000;presidentielle;0;true
802895579089092609;LE_SPARTIATE480;"Jup� est trop vieux pour mener une campagne pr�sidentielle.";1480260197000;presidentielle;0;true
802904937579454464;LALICORNE13;"mdr! Non ce ne sera pas pareil, remettre la France sur pied coutera d'�normes sacrifices c'est vrai, ce sera dur mais Gagnant!";1480262429000;france;4;true
802907956954144768;Itsbaeda;"apr�s avoir donner naissance et allaiter tes enfants c'est meme personne enviera t'es joli seins Oc";1480263148000;naissance;4;true
802918145812004864;ma_adens;"Jveux aller a Disneyland pdt la p�riode de No�l";1480265578000;noel;2;true
802902478773686272;VictoriaCouraud;"A la base, j'�tais sens�e m'occuper du blog en revenant du cin�ma. Mais �a c'�tait avant d'�tre rattrap�e par la fatigue d'hier soir ?";1480261842000;cinema;2;true
802905254857764867;DefiExpressECS;"� vos papilles ! Voici nos coups de coeurs des restaurants Ni�ois qui se sont empar�s d'un mode de vie : v�g�tarien�";1480262504000;vegetarien;4;true
802881052633079808;CamSaltarelli;"Il faut que j'aille au salon de l'�tudiant la semaine prochaine";1480256734000;etudiant;2;true
802911721568485377;evil_SDOC;"point de rupture en passe d'�tre atteint - la nasse se referme sur la partie Nord de la zone rebelle.";1480264046000;rupture;4;true
802900181503082496;CamilleAnzalone;"j'ai trop envie d'allez au cin�ma";1480261295000;cinema;4;true
802893577621803008;YOLANDESANDRA;"Primaires : la gauche fran�aise en mille morceaux";1480259720000;presidentielle;0;true
802899355027943424;maramistura;"Ski alpin - CM (F) - Slalom de Killington : Mikaela Shiffrin en t�te de la premi�re manche";1480261098000;actualites;4;true
802856746003951616;Andyrecteur;"..ont ete minimis�es. Conclusion : Le seul moyen de vivre dans un pays sans delinquance cest de vivre dans un pays sans precarit�";1480250939000;delinquance;2;true
807514368443355136;politicodoc;"Français donnez leur enfin la leçon qu'ils méritent : à la prochaine présidentielle votez extreme !";1481361402000;présidentielle;0;true
802917509863047168;bionnet1;"m�chant con est pr�s � tout, une t�che pour la gauche cet ectoplasme devenu la crevette de l'�cologie, v�g�tarien un jour.....";1480265426000;vegetarien;0;true
802895514278776832;yannsinclair;"Philippe Martinez promet des mobilisations si la droite gagne en 2017";1480260182000;presidentielle;4;true
802899379187171330;maramistura;"F1 - GP d'Abu Dhabi - Lewis Hamilton : �J'ai fait tout ce que je pouvais�";1480261103000;actualites;4;true
802897775176384516;Actualites_FOOT;"Neymar a eu un accident de voiture ce matin mais n'a pas �t� bless� et pourra participer � la rencontre ce soir fac�";1480260721000;actualites;2;true
802899014723207168;Morganovitch_;"Et on ne parle pas assez de la musique de Harry Potter. C'est l'une des BO les plus belles de l'histoire du cin�ma svp";1480261016000;cinema;4;true
802669227798736896;Clem_Vdm;"Les gens arr�tez de dire "tu ressembles � HarryPotter" juste pcq cette personne porte des lunettes, vous �tes usants.";1480206231000;harrypotter;2;true
802901480080633856;Evadelgatto;"et ses coups de gueule j'adore tu me fait trop rire je t'adore et le coup du pot de peinture est en rupture de stock tu ma tuer ???";1480261604000;rupture;4;true
802896808938762240;mistercool87;"putain tous ces vieux cons qui vont voter Fillon faudrait les tuer � la naissance";1480260491000;naissance;0;true
802896552133959680;AmbroiseLion;"A Wall Street, peu de bonnes affaires en vue dans la distribution";1480260429000;actualites;2;true
802891327839014912;heartftcabello;"Bordel j'ai des frissons ?";1480259184000;harrypotter;4;true
802898771424071681;quebecdailynews;"Tentative de meurtre � Montr�al-Nord: Un homme de 27 ans a �t� victime d'une tentative de meurtre samedi soir dans�";1480260958000;actualites;0;true
802896588926382080;LesEchos;"La pression monte sur la candidature de Fran�ois Hollande � la pr�sidentielle";1480260438000;presidentielle;2;true
802869379633291264;69003;"Des nouvelles encourageantes de Marin, l'�tudiant h�ro�que de la Part-Dieu";1480253951000;etudiant;4;true
802895647720341506;dantesfg01;"Le trio de la mort.  Au secours la gauche revient !!";1480260214000;presidentielle;0;true
802894263520403457;Piotre2015;"la primaire en France est le premier tour de l'�lection pr�sidentielle";1480259884000;presidentielle;2;true
802869790549352456;LisonS44;"Le simulateur du parc d'attraction au salon de l'�tudiant c'�tait vraiment d�lirant";1480254049000;etudiant;4;true
802902801953259520;Hninata;"J'suis au cin�ma pour voir Alli�s la salle elle est petite alors que y'a tarpin de monde";1480261919000;cinema;2;true
802898423620005888;sferihedi;"L�infertilit�, un tabou chez les hommes ?";1480260875000;actualites;2;true
802904738736066560;GodBlessNate;"3 mois d'universit� est j'ai toujours pas rencontr� "l'amour de ma vie"";1480262381000;universite;2;true
802851155407671296;bassimont;"La liste s'allonge,soyons r�actifs � cette h�catombe. Seul le FN  agira fermement contre toute cette d�linquance inadmissible.";1480249606000;delinquance;0;true
802894587551502336;intefree_actu;"Face � une droite en ordre de bataille, la gauche incapable de d�signer son candidat -";1480259961000;presidentielle;2;true
802900909814648832;intefree_actu;"Primaire de la droite?: les �lecteurs nantais partag�s entre ��rupture�� et ��mod�ration�� -";1480261468000;rupture;2;true
802523129801125889;VdMiroir;"Primaire � droite: D�linquance, terrorisme, prison... Les id�es de Jupp� et Fillon sur la s�curit�";1480171398000;delinquance;2;true
802866692548415492;Sou__Haiel;"Tellement h�te d'�tre �tudiant et de quitter cette vie de merde qu'est le lyc�e";1480253310000;etudiant;2;true
802899142410440704;madii_r;"Impossible de bosser ce week-end... On va dire que c'�tait ma derni�re pause avant les 2 semaines de r�vision ?";1480261047000;revision;0;true
802918130557341696;queeenyna;"j'ai les cadeaux de no�l pour tout le monde, m�me ma belle famille ?";1480265574000;noel;2;true
802893939942506496;yvngmalefoy;"c'est quoi le bapt�me �tudiant?";1480259806000;etudiant;2;true
802908520077066240;Origenetrs2;"On a aussi attendu la rupture promise par Sarkozy entre 2007 et 2012";1480263283000;rupture;2;true
802891483728805889;Figaro_Etudiant;"Les jeunes Am�ricains ne rep�rent pas les fausses informations sur internet";1480259221000;etudiant;0;true
802890644108689410;teenagxreed;"j'ai �t� au salon de l'�tudiant aujourd'hui, je suis encore plus perdue qu'avant, c'est fou";1480259021000;etudiant;0;true
802896710657839104;Chlorophylienne;"Voter pour un mec de droite contre un autre mec de droite ? C'est non, je le fais d�j� au 2nd tour de chaque pr�sidentielle. Gratis en plus";1480260467000;presidentielle;0;true
802888744839757825;Alumnya;"La Junior Entreprise de GEM �lue meilleure association �tudiante de France ��";1480258568000;etudiant;4;true
802895501439868928;jakouiller;"Comme d'habitude les communistes de la CGT s'assoient sur la d�mocratie";1480260179000;presidentielle;0;true
802869672488136704;asapwizzle;"au salon de l'�tudiant j'ai vu plein de FAC sympa";1480254021000;etudiant;4;true
802899908646830080;sboully2046;"Et le cin�ma cr�a la femme fatale...Gene Tierney envo�tante & myst�rieuse dans "L�";1480261230000;cinema;2;true
802905128093110273;France_aime_bot;"Je suis tr�s mignon??";1480262474000;france;4;true
802903748389400576;berinlenain;"Moi je suis pas compliqu� ma ville de naissance et de coeur c'est la m�me ?";1480262145000;naissance;2;true
802898540485746688;LactuDuSport;"Rugby - Pro D2 - 12e J - A la faveur de son succ�s face � Vannes, Oyonnax retrouve la t�te";1480260903000;actualites;4;true
802905130341310465;OuestFrance_56;"Quiberon. Pr�s de 4 tonnes de denr�es � la collecte alimentaire";1480262474000;france;2;true
802776779819716608;ghoistintheprom;": Vous d�tes une conneries, un toxicomane m�me sans RSA trouvera toujours un moyen de payer sa drogue (d�linquance).";1480231873000;delinquance;2;true
802595898404507649;chirpichirp;"D'autre part, question d�linquance (hors petits trafics et prostitution soft), �a file droit � Cuba. Pas de racaille !";1480188748000;delinquance;0;true
800031518429237248;0fa50151fbad4b3;"J'aime une vid�o  de �- Mega Ouverture de 100 Boosters Pokemon EVOLUTIONS  SUBLIME ULTRA RARE !!";1479577352000;pokemon;4;true
802894153562484736;LeMontlherien;"JMLP n'�tait pas un politicien, mais un guerrier. Qu'il laisse aux tacticiens le soin de remporter la pr�sidentielle";1480259857000;presidentielle;2;true
802905141145780226;wnewspress;"Un camion de pompiers vol�, du d�j�-vu � Rennes";1480262477000;france;2;true
802903513261101056;mokannosaure;"Je suis all�e voir "Les Animaux Fantastiques" hier au cin�ma et c'�tait tout simplement magique !";1480262089000;cinema;4;true
802874930136170496;POPSUGARFR;"Les comp�tences en maquillage de cette star de  sont s�rieusement magiques";1480255274000;harrypotter;4;true
802895268458827777;lucia_moaca;"L'arm�e am�ricaine veut larguer des bombes � plasma dans l'ionosph�re   de l'espace";1480260123000;actualites;0;true
802899397520531456;micheldordogne;"Valence : mutinerie et incendie au centre p�nitentiaire sur Orange Actualit�s";1480261108000;actualites;0;true
802899840221016064;micheldordogne;"Les confessions choc des conseillers de Fran�ois Hollande sur Orange Actualit�s";1480261213000;actualites;2;true
802867955306524672;senddyourconfes;"QUI AURAI UN CODE PROMO �TUDIANT ASOS SVVPP";1480253611000;etudiant;2;true
802899838610313216;ChanPerco;"Il repart au volant d�une Tesla en utilisant une faille de l�application mobile";1480261213000;actualites;0;true
802831655266349056;a_liivee;"Ce qui est ridicule, c'est les personnes se disant v�g�tarien pour �tre v�g�tarien juste pour dire "je suis v�g�tarien regardez moi"";1480244957000;vegetarien;0;true
802845408145731586;Tetsune_j;"jpense pas ^^ et tu px �tre v�g�tarien en ayant quelqu'un qui ne l'est pas ^^ je connais pas mal de vegan ayant des copains carniste";1480248236000;vegetarien;2;true
802896839334707200;ParisFranceNews;"Primaire de la droite : les bureaux de vote ouverts pour d�partager Fillon et Jupp� -";1480260498000;presidentielle;2;true
802910855603965952;julixt_te;"-Les chaussures que je voulais sont en rupture? - Oh merde je comptais te les prendre � No�l! Mdr comment �tre d�go�t�e x2";1480263839000;rupture;0;true
802905365008433153;AnonKari;"M�lenchon montre ainsi de quelle fa�on il gouvernerait la France s'il �tait �lu : Une dictature digne de celle de Cuba";1480262530000;france;0;true
802914430313000960;VeilleDeCM;"Cr�ation d'entreprise : de quelles aides b�n�ficier apr�s une rupture conventionnelle�?";1480264692000;rupture;2;true
800005704979509248;emacron2017;"Pr�sidentielle 2017: Najat Vallaud-Belkacem d�fend la candidature de Hollande et attaque celle de Macron�";1479571198000;presidentielle;2;true
802897696629592065;calim3ra;"Une boule de no�l avec une paire de chaussettes � l'int�rieur. Le cadeau id�al pour Dumbledore !";1480260702000;harrypotter;4;true
800005823309168641;LaGaucheJuppe;"Danger ! Fillon ne rassemble pas. Il n'est pas certain qu'il batte Marine Le Pen au second tour de l'�lection pr�si�";1479571226000;presidentielle;0;true
802898944858722304;sferihedi;"Un intestin humain recr�� avec des cellules souches, une premi�re !";1480261000000;actualites;4;true
802897294592983040;at2rty;"M�lenchon, le candidat de la raison - AgoraVox le m�dia citoyen  via";1480260606000;actualites;2;true
802898672409309184;sferihedi;"Nouveaut�s pour le don d'organes";1480260935000;actualites;4;true
802895637868150784;Polydamas;"On vous a vol� les primaires, ne vous fa�tes pas voler la pr�sidentielle !";1480260211000;presidentielle;0;true
800005010373439488;TomMery;"Fillon, la remont�e fantastique";1479571032000;presidentielle;4;true
802902272250433536;0n3Up;"il dise que c'est enregistr� dans des studio de cin�ma dans la Zone51 car les hangar ressemble au studio de Hollywood";1480261793000;cinema;2;true
802911070524502017;blvckrosa;"Mdr �a me fait la vie dure pendant 2 ptn d'ann�es et moi, je m'int�resse � quelqu'un d'autre apr�s la rupture et c 3e guerre";1480263891000;rupture;0;true
802896488049348609;MoutonNoirCeven;"Ne laissons pas les cathos r�acs de la droite extr�me croire qu'ils ont dors et d�j� gagn� la pr�sidentielle !�";1480260414000;presidentielle;0;true
802894309712240640;Mike_le_geek;"Pr�sidentielle�: Philippe Martinez pr�vient que ��la mobilisation sera d�actualit頻 en cas de victoire de la droit�";1480259895000;presidentielle;4;true
802901979534082052;Pocahantas_M;"La fac qui va me laiss� une semaine de r�vision, j'ai pas de cours je r�vise quooooi? Donc c'est une semaine de vacances oui";1480261723000;revision;4;true
802896403693502464;AldoSterone111;"Kidnapping d'enfants en Algerie... ils les tuent pour de la sorcellerie";1480260394000;actualites;0;true
802895285827473409;MichelBugeia1;"Pr�sidentielle 2017 : Fran�ois Hollande r�agit aux propos de Manuel Valls";1480260127000;presidentielle;2;true
802896672686829568;ParisFranceNews;"Ivan Leva� : "Il faut que les journalistes arr�tent de regarder par le trou de la serrure" -";1480260458000;actualites;0;true
802917835991302144;aliciasgard;"merci j'�tais d�moralis�e de devoir passer les vacances de no�l p�riode que j'aime et que j'attends le plus � r�viser/stresser";1480265504000;noel;0;true
802873048462462977;will_fortier;"De la nouvelle mis�re en milieu �tudiant -  via";1480254826000;etudiant;0;true
802918130368610304;Coline_Arya;"Jme suis fait agresser par des paillettes on dirait un arbres de No�l";1480265574000;noel;0;true
802913474015657984;cm_zelie;"je souhaite votre rupture";1480264464000;rupture;0;true
802904967015108608;didiergildas;"Castro a lib�r� son peuple de la mafia US M�lenchon lib�rera la France de la soumission � la finance mondialis�e";1480262436000;france;2;true
804000582881132544;AllEyesOnMePac;"Vos rappeurs qui se fond tuer en faisant du vélo";1480523651000;velo;0;true
802882580433354752;JohnSimantov;"Je peux m�me pas acc�der � mon dossier �tudiant sur le site, carr�ment ils m'ont d�j� vir� l'utt";1480257098000;etudiant;0;true
802896596149141509;NickylNicky;"franchement  aucun n'a et n'avait aucune chance d'arriver  � la presidentielle simplement 'exprimer nos id�es pas mal !!";1480260440000;presidentielle;0;true
802918036969635840;navieavy;"Ma m�re elle me demande ce que je veux pour No�l je lui dis aller � Disney elle m'a dit non tu te demerde ??";1480265552000;noel;0;true
802905117913653248;hoodumbass;"alors les vraies choses, bien sur qu'en France on est pas concern�s par le racisme anti blanc, mais par exemple,-";1480262472000;france;0;true
802816887268802560;MyriamDarabie;"c quoi �tre raciste?Dire non � la d�linquance,racaille,attentats, voile=ali�nation,pr�ches imams pour charia??!";1480241436000;delinquance;0;true
802896059588628481;jdemourgues;"Merci � tous les �lecteurs de gauche qui viennent financer la campagne pr�sidentielle de";1480260312000;presidentielle;4;true
802901576541011968;CallieFRCO;"Elle rit l�g�rement en voyant le dernier message, puis finit par s'endormir. Le lendemain, elle arriva � l'Universit� vers 9h.";1480261627000;universite;2;true
802917806916456448;assia_karraz;"J'aimerais trop aller � Disney pour No�l m�me si je le f�te pas, c'est un truc � voir �a doit �tre trop beau";1480265497000;noel;4;true
802855402119401472;ChrystelCoudert;"�tre v�g�tarien est mauvais pour la sant�";1480250618000;vegetarien;0;true
802908734179704832;Ismaelkitenge1;"des professeurs ou? Pour quelle le�on? Si vraiment � l universit� je comprends pourquoi le pays est dans la bassesse";1480263334000;universite;2;true
802897735070470144;le985fm;"Deuxi�me tour de la primaire de droite en France: Fillon largement favori";1480260711000;actualites;4;true
802896905793638400;RelaisForex;"Porsche veut vendre 20.000 voitures �lectriques par an";1480260514000;actualites;4;true
802898728063381504;aspooka;"putain mais un mois de r�vision jvais finir en d�pression en janvier c'est pas possible jsuis pas pr�te";1480260948000;revision;0;true
807514423434899456;F_ndere;"La Russie a interféré dans la présidentielle pour aider Trump à gagner, affirme la CIA  via ";1481361416000;présidentielle;0;true
802914677500022785;urmumsaidimhot;"on a mang� v�g�tarien, plus jamais j'me moque des vegans c bcp trop bon";1480264751000;vegetarien;4;true
802910040013279236;TRFragrances;"Bient�t en rupture de stock";1480263645000;rupture;0;true
802899855727267840;actualites_nrv;"Tardi: le dernier assaut du chroniqueur des tranch�es au moment o� pr certains la guerre revient � la mode�";1480261217000;actualites;0;true
802892151696728066;roduitbenjamin;"Superbe journ�e pr�sidentielle � Sierre. Un vent nouveau, celui d'une jeunesse qui s'engage. Bravo Pierre.";1480259380000;presidentielle;4;true
802898750511448064;RdP_Foot;"Quand un sandwich met le feu au PSG�";1480260953000;actualites;2;true
802913861217251328;lauuuiiure;"Bon faut que je me fasse un programme de r�vision parce que la c tres tres critique";1480264556000;revision;2;true
802896568516943872;pascalpernai;"Primaire de la droite : � qui profitera la hausse de la participation ? - Le Point";1480260433000;presidentielle;4;true
802478763980292096;LEBRAUD;"La liste des quartiers sensibles de France o� r�gnent la d�linquance, les dealers, les armes� Les zones de non-droit ! -";1480160821000;delinquance;0;true
802921329347264512;ManonMutschler;"twitter n'est pas une fiche de r�vision ...";1480266337000;revision;2;true
802904969342959621;Pinockies;"c vrai , j'y avais pas penser ma sa change rien au fait que la France aujourd'hui est multiculturelle";1480262436000;france;2;true
802895929732923393;abissane;"Dans tous les cas si Fillon gagne la pr�sidentielle tous les syndicats bloqueront le pays alors...";1480260281000;presidentielle;0;true
804010567115669504;Fiat_LaScala;"La belle   n'a d'yeux que pour le";1480526031000;velo;2;true
802902284678086660;MaxMably;""Nous detruirons l'�cole,l'universit� pour all�ger le cursus scolaire..Nous detruirons l'h�pital pour �viter l'atte�";1480261796000;universite;0;true
802891276341362688;UminoOkaasan;"vis ma vie d'�tudiant : "si je m'ouvre le doigt on fait quoi ?" "bah on va � l'h�pital" "eh comment, en tram ?" "...bah ouais"";1480259171000;etudiant;0;true
802907229217132545;Arnaud11800;"fait pas le hooligan de tweeter tu vas crever personne t'es une merde tu le sais ta mere t 'as chi� � la naissance !!";1480262975000;naissance;0;true
802893761831268352;bestfweb;"De la naissance d'une vocation aux honneurs du terrain : quand le r�ve devient r�alit�";1480259764000;naissance;4;true
802898990723252224;olivierpaysan;"Mangeons diversifi� et �quilibr�. Tout est bon, seul l'exc�s est n�faste. Surtout la pens�e unique �colo bobo.";1480261011000;vegetarien;2;true
802894197963399168;OREGAND1;"Les femmes handicap�es sont victimes de violence dans des proportions tr�s �lev�es";1480259868000;actualites;0;true
802881826364727296;Sebb0u;"Magique, dr�le, sublime.";1480256918000;harrypotter;4;true
802862057586618368;TamponsdeRoser;"Harry, un ami qui vous veut du bien";1480252205000;harrypotter;4;true
802899710419865601;PdeChamplain;"Par: L'incendie d'une entreprise soup�onn�e de collusion d�clenche une enqu�te  via";1480261182000;actualites;2;true
802918093001326600;jlou7712;"non c'est le signe que tes proches auront des id�es cadeaux de No�l ...";1480265565000;noel;4;true
802893658248781824;PopulusRe;"Parce que Professeur associ�, �a envoie du p�t�, mais c'est pour trois ans seulement. Donc c'est pas un prof d'universit�.";1480259739000;universite;2;true
802919775211028480;weasleyscrown;"Je crois que j'ai vu un peu grand pour mon planning de r�vision, mais bon il faut ce qu'il faut";1480265966000;revision;2;true
807512362852950016;bbpuces;"Julien Dray menace de "mettre son poing dans la face" du chef de cabinet de Le Foll   via ";1481360924000;présidentielle;0;true
802897518811983873;ADolleans;"Les �quipements de protection individuelle am�liorent-ils le bien-�tre au travail ?";1480260660000;actualites;4;true
802896444231335937;Contrepoints;"Faut-il une p�riode de transition pr�sidentielle en France ?";1480260404000;presidentielle;2;true
802898339406770181;Groovision;"Belle d�claration d'amour de Costa-Gavras aux savoir-faire et savoir-�tre des techniciens du cin�ma fran�ais. ??";1480260855000;cinema;4;true
802895320309002241;ericdesc86;"R�publicains apr�s que la gauche est illumin� Sarko et place Jupp� pour mieux le battre au pr�sidentielle ! Ils s'attaquent � FILLON";1480260136000;presidentielle;2;true
802913769026293761;antoine_nantes;"Pour moi c'est foutu. Plus possible de rassembler. Je voterai  pour pousser le syst�me � la rupture.";1480264534000;rupture;0;true
802897274724614144;metromontreal;"Maxime Bernier d�plore les insultes de Guy A. Lepage et refuse son invitation  -";1480260602000;actualites;0;true
802893584680812544;valparisis;"Les buttes du Parisis verdissent avec l�op�ration � Une naissance, une plantation �";1480259722000;naissance;4;true
802808643938873344;DominoisF;"Sans steaks et sans carences : �tre v�g�tarien... et en bonne sant�  via";1480239470000;vegetarien;4;true
802905122229600256;michon_olivier;"je n'ai pas dit qu'elles �taient meilleures que la France mais meilleures techniquement.Manque la puissance.";1480262473000;france;4;true
802918023073964037;badgalfvntax;"No�l je vais � Disney";1480265548000;noel;4;true
802896909773869056;ToutelaPresse;"Primaire de la droite : � qui profitera la hausse de la participation ? - Le Point";1480260515000;presidentielle;2;true
802905147764445185;wnewspress;"Mutinerie dans la prison de Valence. Assaut des forces de l'ordre";1480262479000;france;2;true
802617929816834048;TremplinGend;"Les chiffres de la d�linquance ne seraient pas aussi fiables que l�on pourrait le penser...";1480194001000;delinquance;2;true
802823516731142144;_PhilV;"Il faut revoir la loi sur la d�linquance des mineurs, c'est hallucinant ce genre d'agressions ! Et o� sont les pare�";1480243016000;delinquance;2;true
802918078589837313;JustMeElodie;"Quoi de mieux qu'un dimanche sous un plaid avec un th� et un film de no�l ? ?";1480265562000;noel;4;true
802896387759341568;le985fm;"�lection de Donald Trump: des mosqu�es demandent plus de protection";1480260390000;actualites;2;true
802896652247986176;ParisFranceNews;"Le Parti communiste fran�ais se rallie � Jean-Luc M�lenchon -";1480260453000;presidentielle;2;true
802904895238062080;lavillier;"mr vous voulez faire 70%de smicar gros probl�me pour la France pas de rentr�e d'argent";1480262418000;france;0;true
807640593182691329;arobase38;"cdanslair la déprime quand on voit tous ces gamins se battre dans la cour de récré politique la france ne mérite pas mieux";1481391497000;france;0;true
807641405564850176;OuestFrance;"chasse un jeune de  ans tué en corse ";1481391690000;france;0;true
807641422291668992;BobNicoferon;"ce mec et ces français qui le soutienne sont barges ils vont ns amener la précaritél'austerité et le démembrement";1481391694000;france;0;true
807641448615149568;Belzebuth;"le mec s'adresse à la france quoi chevilles";1481391701000;france;2;true
807640885496266752;jmandrin;"c'est la france islamisee que tu montres c'est en effet le résultat socialo";1481391567000;france;0;true
807640650946482176;ArnaudFichou;"toi aussi participe au calendrier de l'avent ouestfrance et tente de gagner de nombreux cadeaux  ";1481391511000;france;4;true
807641205324455936;VisionLuxeParis;"créer une startup en france c'est se condamner à échouer avant même d'avoir commencé il y a de meilleurs";1481391643000;france;0;true
807640109923217408;OUPSI;"on va laisser passer l'effet de mode et voyons son projet pour toute la france histoire qu'on se marre";1481391382000;france;2;true
807640116550246400;Robot_Bastard;"  je mange la france";1481391383000;france;0;true
807640398227066880;EVACHRISTIAN30;"la france n'a pas besoin d'être mise au pas mais d'être débarrassée de l'islam pour ça la russie ne peut que nous être utile";1481391450000;france;0;true
807640133092642816;AresXVII;" la france veut pas de raciste comme toi je me bat tout les jours avec des musulmans ils ont plus de mérite que toi";1481391387000;france;2;true
807639887889465344;SoniaxH;"a croire qu'il a proposé un truc qui va révolutionner la france";1481391329000;france;2;true
807640971748012032;alexrod91622735;"sortir de l ue implique la sortie de l euro de facto et la reprise de la souveraineté de la banque de france au lie";1481391587000;france;2;true
807640712736952320;premseosea;"  je sas qu'il y en a pas mal ds la mafia lyonnaise normalement  c la capital du funk en france";1481391525000;france;0;true
807640697016827904;Davidou35;"brouillard vous êtes sûr que ce n'est pas les retombés de la pollution  du brouillard sur toute la france";1481391522000;france;0;true
807640437150412802;bkf_mohamed;"millions de vue tchikita soit toute la france et la moitie de l'algerie mdr";1481391460000;france;4;true
807641548359925760;PatatoOor;"je dis ça pour le fait que l’action de la france est assez symbolique";1481391725000;france;2;true
807640442238074880;latitude530859;"sincèrement je suis impressionné et qu'on ne vienne pas me dire qu'il est de gauche une france débarra";1481391461000;france;4;true
807641559063732224;LindaChouard;"les parlementaires dénoncent l'«usage détourné» de l'état d'urgence";1481391727000;france;2;true
807640744148115456;avril_sylvie;"l'islamisation de la france dès l'école c'est scandaleux";1481391533000;france;0;true
807641583994564608;JMLL18;"la france fourbue avec une gauche caviar ou l’argent des autres et une droite néolibérale qui fustige que faire ";1481391733000;france;0;true
807639925524955136;tselion;"peutêtre que si  entend mort aux juifs dans les rue de paris  il comprendrait comme en ";1481391338000;france;0;true
807641039162851329;rsistons;"macron est l'homme du nouvel ordre mondial avec comme tremplin l'ue et le meltingpot comme merkel le veut destruction de la france";1481391603000;france;0;true
807639990754742272;vinadelmar1970;"pour une france sobre et intelligente";1481391353000;france;4;true
807640002213593088;VilleCannes;"? bravo  qui a arrêté a sa carrière en  avec un e titre de championne de france et  ans à l’emblé";1481391356000;france;4;true
807641124676304896;mayasdolly;"finis les «bobos» l'heure est maintenant aux «boubours»  les bourgeoisbourrins";1481391624000;france;2;true
807640043229589504;RogerDu94385288;"macron qui contemple le néant dans les yeux le temps d'une aprèsmidi avec ses amis triste france revolutionenmarche";1481391366000;france;0;true
807640617102688256;Petre_Bogdan;"france inauguration de lascaux réplique intégrale de la grotte préhistorique? rtl belgique";1481391503000;france;4;true
807640075777359872;EnMarcheLeHavre;"vive la république vive la france  suivi de la marseillaise chantée à vive voix";1481391373000;france;4;true
807641454642429952;MalthusOUT;" un projet clair et cohérent pour la france révolutionenmarche";1481391702000;france;4;true
807641204464766976;Limportant_fr;"pourquoi la france est devenue nulle en maths  a lire et à appliquer dès   société";1481391643000;france;0;true
807640122267148289;Twystsky;"même fond d'écran que valls  et même cinoche  pauvre france   macron  heure  de gesticulations pour gogoles ";1481391385000;france;0;true
807641499236270081;eyrio234;"  c'est la tout le problème ea ne fait rien car on continue à faire les pigeons et à acheter fifa";1481391713000;france;0;true
807641027867766784;RodolpheRobin;"en visite dans la france profonde halluciner devant un bon vieux jt de pernault";1481391600000;france;2;true
807641309250875392;InsoumisNice;"  tous ensemble derrière la france insoumisel'union fait la forcevite  ème république";1481391668000;france;4;true
807640789568237569;sochaux_lapin;"le nordest est jaune et bleu bon exception ce soir il est un peu québécois aussi pour le er concert en france";1481391544000;france;4;true
807641362719973376;LecontePatrick;"extraordinaire discours programme d'emmanuel macron qui prépare une vraie révolution pour la france";1481391680000;france;4;true
807641087846256640;LatomikaZz;"revolutionenmarche je suis d'accord la france ne pourra jamais faire face aux usa en terme de numérique avec l'europe on pourra";1481391615000;france;2;true
807639986237534208;pika_puce;"bah j'vis en france et je suis déjà allé plusieurs fois en italie";1481391352000;france;2;true
807641069894635521;DemosDefender;"je suis d'accord avec  fête nationale devrait être le  août la date de l'abolition des privilèges en france";1481391610000;france;2;true
807640527294304256;LCFC_France;"c'est la renaissance";1481391481000;france;2;true
807640280472154112;SahadSarr;"salam après le maroc et la france nous sommes de retour au sénégal pour partager avec vous un grand concert qui";1481391422000;france;4;true
807640296511197184;ikhayale;"départ de bernard cazeneuve de la place beauvau  les syndicats sortent la brosse à reluire pas nous";1481391426000;france;2;true
807641113431539712;brice_theate;"presidentielle incroyable vive la république vive la france prononcé dans un râle pa  via";1481391621000;france;4;true
807640309114945536;ErrorOffice;"tu es en marche vers l'enfer et tu veux y emmener la france avec le diable islamique nous te souhaitons maladie incurable";1481391429000;france;0;true
807640871277658112;Elykia_wamii;"il faudrait que les maires d'île de france s'entendent pic de pollution à paris et feux d'artifice à st brice sous forêt";1481391563000;france;2;true
807640610454859776;METACAPUCHE;"les dernières secondes du discours d' étaient sponsorisées par l'amicale des hystériques de france calm down manu";1481391501000;france;2;true
807640080655339520;nashtags;"ne prétendez pas rassembler qd vous excluez    tout en faisant du pied à";1481391375000;france;2;true
807640652213321730;vinzniv;" les cotisations par des taxes pour doper la conso ça ne crée pas d’emploi si on ne produit pas en france";1481391511000;france;2;true
807640918975270912;OrlaneFardel;"pour faire un déplacement en france on a traversé  pays  france  belgique  luxembourg  allemagne pour revenir en france ??";1481391574000;france;2;true
807640095687901184;jeje70;"fais comme moi participe au jeu ouestfrance angers bd et tente de gagner bande dessinée  ouestfrancejeux";1481391378000;france;4;true
807640403973468161;Daniel_Jerome44;"attentat déjoué  un sixième suspect mis en examen et écroué";1481391452000;france;0;true
807640387716259840;Daniel_Jerome44;"trois questions sur la prolongation de l'état d'urgence";1481391448000;france;2;true
807639857128275968;lambda_citoyen;"la france est une nation insoumis e         transmettons cet héritage sacré jlm";1481391321000;france;4;true
807641242846666752;rikiki452;"france  un nombre croissant de zones du territoire «interdites aux femmes» par les musulmans";1481391652000;france;0;true
807641262308388864;jenny_annabel;"pfff la bonne blague que demande la france au gabon car la décision du peuple gabonais a été prise depuis le ao";1481391656000;france;2;true
807639920852484096;SuPierreman_;"heureux d'apprendre la victoire écransante  du plus grand club de l'histoire en france l'om face à la redoutable équipe dijonnaise";1481391337000;france;4;true
807641295816708096;tanyalaroque;"le grand défi de la france n'est pas le terrorisme mais le droit au travail pour tous ceux qui ont envie de se retrousser les manches";1481391664000;france;2;true
807641567662116866;Le360fr;"france plainte contre francis ford coppola et sa fille sophia";1481391729000;france;0;true
807640492410306561;IslamicIintelli;"révélationla france total et elf ont provoqué des tremblements de terre meurtriers en algérie";1481391473000;france;0;true
807639937931706368;Stradi1;"des agences bnp paribas ciblées par des actions contre l'évasion fiscale partout en france  via";1481391341000;france;0;true
807641584691007488;LaurentDUBOIS;"la revolutionenmarche  cest plus de drapeaux européens que français l'europe citée plus de fois que la france ds le discours bof";1481391733000;france;0;true
807641017847599108;CedricOlympien;" que c'est beau vraiment les seuls supporters en france a pouvoir proposer un tel spectacle bravo les gars???";1481391598000;france;4;true
807641593767428096;PatMail31;"il veut surtout mettre l'europe au centre de la france";1481391735000;france;2;true
807640493165342720;LaboDecolonial;"«faire de l'antiracisme politique en france aujourd'hui soulève de nbses résistances de la gauche blanche en particulier» fauxalliés";1481391473000;france;2;true
807641595159998464;FredeMorice;"perso j'ai ma préférence mais tu préfères qui en champion de france";1481391736000;france;2;true
807640770597580805;Vieira83848559;"j'espère vous allez tous mourir bande de grosses merdes que vous êtes";1481391539000;france;0;true
807640519169875968;Bastiat2022;"c'est joliment ditmais ça peut être autant une étatisation complète ou une libéralisation avec socle minimum";1481391479000;france;2;true
807640256300404736;marialuis91;"révélationla france total et elf ont provoqué des tremblements de terre meurtriers en algérie";1481391416000;france;0;true
807640817422757888;JPWHYERES;"les belles architectures marseille  france";1481391550000;france;4;true
807641121077792768;Amilmoumoufyb;"ne rassemble pas lz gauche ou la droite mais il rassemble les français la france macron";1481391623000;france;4;true
807640833226919936;vojkan_milos;" la france est courtoise et respectueuse les valeurs françaises lui sont étrangères";1481391554000;france;4;true
807640833713405952;Toooto_13;"pour le bien du football et pour la palestine il faut que monaco soit champion de france";1481391554000;france;4;true
807640019770822656;JohnJLMarshall;"france je viens de comprendre pourquoi macron ne participe pas à la primairegauche er grand meeting le programme c'est du vent";1481391360000;france;2;true
807640310058782720;yacoubahmat;"faut pas exagerer comptez le nombre d'attentats en france";1481391429000;france;0;true
807641150366457856;ItisMoody;"le canada à la recherche de millions de travailleurs francophones";1481391630000;france;2;true
807641428947914752;SF_CSP;"le discours bisounours miss france honteusement plagié par macron ce soir enmarche revolutionenmarche";1481391696000;france;0;true
807641434534780928;FloraViguie;"selon une enquête les jeunes français se disent à  «heureux»  via";1481391697000;france;4;true
807640916831793153;EVACHRISTIAN30;"et non je n'ai pas mon mot à dire en france un mot de travers sur l'islam et c'est la comparution devant un tribunal de vendus";1481391574000;france;0;true
807640116067864576;tpadilla_;"il faut avoir la modestie de le reconnaitre il y a une france qu'on entend moins qu'une autre mais elle existe on ne gagne pas sans elle";1481391383000;france;2;true
807640954748317696;ErrorOffice;"macron est un criminel politique avec eu criminelle il veut tuer la france par islam c'est un corrompu d'islam";1481391583000;france;0;true
807639855438008320;dariolacan;"roger chartier collège de france et ehess signe la pétition pour sauver la bibliothèque de la fmsh ";1481391321000;france;4;true
807640421912309761;WeCanHeaart_It;"rendezvous ce soir dès h sur france  pour ''les années bonheur'' avec    ?";1481391456000;france;4;true
807640134606880768;anaidul_;"encore  exemple que le canada est  avancé que la france ils mettent une femme voilée à la tv dmmge que les français soient tant en retar";1481391387000;france;2;true
807640158363324416;1515leretour;"la france sera libre quand onaura décimé ces racailles";1481391393000;france;0;true
807641505821294596;tselion;"  mon seul intérêt et de faire prendre conscience de la réalité de l'islam au peuple de france  altruisme";1481391714000;france;2;true
807640150545199104;ngrilly;" personnes dans la salle   déjà en france portent un changement juste pour la france et les français ";1481391391000;france;2;true
807640707288731649;MedTaha_MIT;"medtaha mit attentat déjoué en france  le sixième suspect interpellé à strasbourg mis en";1481391524000;france;0;true
807641550108979200;JohannElser;"   pas problème comme mes ancêtres je donnerai mon sang pour une france libre";1481391725000;france;4;true
807640454741299200;angeo_angeo;"comme champion de france c'est plus crédible";1481391464000;france;4;true
807640173156536320;Hisaka67;"jme dit souvent qu'on a de la chance d'habiter en france";1481391397000;france;4;true
807641008431370240;EnMarcheParis18;"fin d'un magnifique meeting  marchons en france  allons convaincre chaque citoyen  revolutionenmarche";1481391596000;france;4;true
807641579871760384;lorenzosalvador;"bravo    vous faites honneur à la france et à son message universel";1481391732000;france;4;true
807639929807405056;W_I_int;"pour le chef des farc l'accord signé en colombie jette les bases d'une paix durable ";1481391339000;france;4;true
807640486181830657;MfeneSympho;"les parlementaires dénoncent l'«usage détourné» de l'état d'urgence  by mediapart via";1481391471000;france;0;true
807640778822459392;BertrandLapraye;"macron  vous devriez raccourcir vos discours vous avez fini avec une voix éraillée qui vous fait rater le vive la france";1481391541000;france;2;true
807639964620091392;fr_actualite;"corse un homme de  ans tué dans une partie de chasse –ouestfrance";1481391347000;france;0;true
807640540942573568;baekkorn;"pour ça le nord c cool  t'es pas très très loin comparé aux autres villes làsud de la france who";1481391484000;france;4;true
807640525675384832;francediplo;"les droits de l’homme  une priorité de la politique étrangère de la france  humanrightsday";1481391481000;france;4;true
807641388431081473;Hayki_;"macron quel discours innovant c une chance pour la france il est anti système et pas prisonnier des dogmes politiques devenus ringards";1481391686000;france;4;true
807640566594945024;RaySeven719;"j'aime une vidéo  jul à la france a un incroyable talent  à l'adresse";1481391490000;france;4;true
