799500941253517312;carburator418;"je trouve la couleur DÃ©gueux. Ont ils diff couleurs. Merci Ã  l'avance";1418654115000;couleur;0;true
799456961459499008;Baddie_Anais;"J'suis a la cantine j'suis bader";1418643629000;cantine;0;true
799481138803482624;marylonelyness;"jsors de la cantine j'ai filÃ© au mcdo avec les gonz";1418649394000;cantine;2;true
799491846454771712;LaaurieBia;"Cherche Ã¢me charitable pour me payer le concert des Maroon X  voilÃ  voilÃ ";1418651947000;concert;2;true
799482237358800897;Platypusmile_;"L'examen va commencer et j'ai comme une douce envie de vomir c'est plutÃ´t agrÃ©able.";1418649656000;Examen;0;true
799505602555535361;carenes;"oÃ¹ tu es coincÃ©e Ã  Paris jusqu'Ã  l'arrivÃ©e de ta mÃ¨re demain matin parce que ton chat est malade intoxiquÃ© avec une plante verte";1418655226000;matin;0;true
799464966242566145;AlzQuentin_;"C'Ã©tait bien degelasse la cantine";1418645538000;cantine;0;true
799494383710879744;Hyde_78300;"Cherche fesses chaudes pour rechauffer mes mains cet hiver. Dm si interesser ğŸ˜‚";1418652551000;hiver;2;true
799486139076575232;PriissouL;"Ã  Lille demain soir ? Raaaaa dommage que je commence tot mercredi :-(";1418650586000;lille;0;true
799504535071608832;stev_btn;"Allez partiel demain matin un autre mercredi soir et.... VACANCES ! ğŸ‰ğŸ‘Œ";1418654972000;matin;4;true
799254753291927552;ThibaultRCL;"Bien Transpole qui bug je peux pas afficher les horaires de bus rÃ©sultat je sais pas Ã  quelle heure je dois le prendre pour mon BTS blanc !";1418595419000;transpole;0;true
799381474427117568;LeclercqClara;"Il faudrait arrÃªtÃ© de foutre le chauffage a Xdegres dans les bus c'est plus possible gros choc thermique quand on y sors";1418625632000;transpole;0;true
799232207943225344;ticketdetrain;"ok apparemment les contrÃ´leurs Transpole peuvent maintenant contrÃ´ler en civils Ã§a va pas Ãªtre cool du tout Ã§a (cc )";1418590044000;transpole;0;true
799505963336986626;kaeont;"Bon matin Ã  tous. J'Ã©coute la bande sonore de Home Alone X: Lost in New York... Mon film du temps des fÃªtes prÃ©fÃ©rÃ© :-)";1418655312000;matin;4;true
799494213585707008;GilIoweI;"D'habitude je n'aime pas la couleur rouge mais lÃ  je trouve que Ã§a lui va Ã  merveille ! Elle sera mienne :)";1418652511000;couleur;4;true
799488433226625024;DemonDeath60;"GG mec t'as trop de chance !";1418651133000;chance;4;true
799491454648033281;Pouki_Master;"Tu sera quand mÃªme au concert jeudi soir ? :)";1418651853000;concert;2;true
799363628447928320;JulBonnet;"Est-ce que la ligne X est dÃ©viÃ© Ã  Comines en raison du marchÃ© de NoÃ«l ?";1418621377000;transpole;2;true
799483194880663552;alexandrebdrj;"DerniÃ¨re semaine d'examen puis vacances avec le BAFA et les fÃªtes! ğŸ“šğŸ„ğŸ…ğŸ‰";1418649884000;Examen;4;true
799131932150992897;transpole_tram;"Le tramway circule en voie unique entre les stations Foch et Cerisaie Centre d'Affaires jusqu'Ã  Xh environ. + d'infos sur transpole.fr";1418327718000;transpole;2;true
799474999571378177;JabouletHugo;"Putain d'examen";1418647930000;Examen;0;true
799487106664747010;laurencedu53;"un immense merci pour votre concert Ã  rennes  que du bonheur de vous entendre  vous voir  de partager ces moments <X";1418650816000;concert;4;true
799506047994653056;CapitalOneCA;"Bon matin et bonne semaine Ã  tous! On est ici pour rÃ©pondre Ã  vos questions pour le restant de la journÃ©e.";1418655332000;matin;4;true
799469213776457728;Tangawiss_350;"A la cantine ctai bad pas bon sa mÃ¨re";1418646550000;cantine;0;true
799812261811597312;Oceaaanee;"Transpole c'est de la merde y'a rien Ã  ajouter !";1418489921000;transpole;0;true
799502805680365568;tchitchilax;"Envie de changÃ© ma couleur de cheveux ?";1418654559000;couleur;2;true
799673747941900288;ClaudiaLtnr;"MAIS TRANSPOLE NIQUE TA MÃˆRE";1418456897000;transpole;0;true
799495638260776960;bizzlefox;"justin Ã©tait mieux blond et chatain au lieu de cette couleur citron";1418652851000;couleur;0;true
799498109666308096;Kevin_Guev;"Je sens que cette hiver le froid va me fatiguer";1418653440000;hiver;0;true
799486282353971200;sange_17;"Post concert depression ğŸ˜³ğŸ˜³";1418650620000;concert;0;true
799503375761788928;afleurdepeaubio;"Couleur Caramel le maquillage des Stars... Coffret en rÃ©duction pour NoÃ«l !";1418654695000;couleur;2;true
799488806272225280;PornStarLover35;"C'est fait... Bonne chance ma chÃ©rie ğŸ’•";1418651222000;chance;4;true
799503096450486272;InesBambina;"Les meuf brune matte de peau (ou couleur clementine) avec du rouge a levres svp arretez c pour vous jdis sa et pour notre vu";1418654629000;couleur;0;true
799126500908589056;KarlLacquement;"Je reviens limite dÃ©primÃ© d'une soirÃ©e et je me prend une amende par Transpole ...";1418564841000;transpole;0;true
799498412029509632;MieuxVivre_fr;"Faut-il se supplÃ©menter en vitamine D l'hiver ? Ã©";1418653512000;hiver;2;true
799458558654644224;Kenya971;"Je me suis fais virer de la cantine ğŸ˜“ j'ai mÃªme pas plus fini de manger ğŸ˜’";1418644010000;cantine;0;true
799501715412979712;LindaOra_;"Si j'aime bien une voiture mais pas sa couleur Cest mort je l'achÃ¨te pas?";1418654299000;couleur;0;true
799488025842253824;Anaskinny07;"A la cantine il y en a pas.. Je mange du pain italien ce soir ğŸ’ª";1418651036000;cantine;2;true
799488843249205248;TsT_TryRoX;"FÃ©licitation Ã  lui il a vraiment beaucoup de chance !";1418651231000;chance;4;true
799501484084551680;_fran_cois;"Quinze heures trente. La nuit tombe. Je hais l'heure d'hiver.";1418654244000;hiver;0;true
799505897467994114;AxelleSrvj;"Se matin on auras bien rigolerğŸ˜‚";1418655297000;matin;4;true
799495174001623041;JetournepasROND;"Pourquoi POURQUOI les stars renois se blanchissent-elles la peau? Elles veulent pas Ãªtre fiÃ¨re de leur couleur de peau? c un mauvais exemple";1418652740000;couleur;0;true
799505597258129409;Herbburn_;"L'autre qui me rÃ©veil Ã  Xh du matin en me soufflant de la fumÃ© dans la gueule tien tu veux fumÃ©? aha j'cÃ´toie que des fous! <X";1418655225000;matin;0;true
799484974817468416;AvenantePassion;": La Russie envisage de se doter de sa propre station spatiale STAR WARS";1418650308000;Star Wars;2;true
799506420805513216;KiinoiizS;"Ce matin j'shui venue des miroir jusqu'au lycÃ©e a pied ! J'ai trop la rage !";1418655421000;matin;0;true
799485020552146944;Emmaa_J;"interstellar est encore Ã  l'affiche et y'a qu'Allah bÃ©nisse la France aussi qu'Ã  l'air cool!";1418650319000;Interstellar;4;true
799480894560776192;ToyzMag;"le plus grand chasseur de primes de arrive chez !";1418649335000;Star Wars;4;true
799490240535457792;MusicalBreath;"Je regrette d'avoir achetÃ© une place pour od en voyant les comportements de gamines qu'on les meufs qui vont au concert.";1418651564000;concert;0;true
799489427155050497;AnthO0ony59;"pour passer un moment magique avec vous tous. Le plus beau cadeau de NOÃ‹L ?";1418651370000;cadeau;4;true
799495455519129600;Daniel_Jerome44;"Droit Ã  l'oubli sur internet. Google a reÃ§u X X demandes en France";1418652807000;france;2;true
799466323032793088;Fresh__95;"Actuellement au rÃ©fectoire de la cantine";1418645861000;cantine;2;true
799494991368658944;AlineMalinemali;"je n'est toujours pas reÃ§u mon kit :/";1418652696000;france;0;true
799481767869390848;JmRoxor;"Une sortie digne de l'empereur !    // cc";1418649799000;HearthStone;4;true
799493314108825600;DUCDESLOMBARDS;"Andrea Motis et Joan Chamorro seront en concert demain  Ã  Xh et Xh... Une belle soirÃ©e vous attend !";1418652296000;concert;4;true
799480106178441216;xsmileofniallx;"La cantine cest grv bien aussi mdrr en plus jai un badge invitÃ© du coup jpaye pas";1418649147000;cantine;4;true
799469655977725953;ns_clement;"Pause apre la cantine du losc ?";1418646656000;cantine;2;true
799504848839102464;valou_Lahlah;"RÃ©troviseur cassÃ© dÃ¨s le matin ğŸ˜¡....";1418655047000;matin;0;true
799555993104547843;MorganLapaille;"Aujourd'hui je me suis retrouvÃ© au DÃ©pot des bus transpole :( :(";1418428822000;transpole;0;true
799458660156833792;BeaucousinM;"Je vais manger a la cantine";1418644034000;cantine;2;true
799502694174785537;LIZTHROP;"J'ai les cheveux couleur cuivre c grave bo";1418654533000;couleur;4;true
799465855929933824;AgatheCharp;"J'irais bien le revoir une troisiÃ¨me fois <X";1418645750000;Interstellar;4;true
799484265824907264;GilIoweI;"Je reste sans voix ! J'ai Ã©tÃ© trÃ¨s Ã©mu pas ce que j'ai vu et entendu au stade de Lille ce soir avec  et  Du";1418650139000;lille;4;true
799504602117570560;Chighjump;"en plus j'ai pas cours avant mercredi matin :'(";1418654988000;matin;0;true
799508223190224896;laurette88700;"A disneyland Ã§a caille bordel";1418655851000;twitter;0;true
799478520219807745;QuentinHNCK;"AprÃ¨s mon examen de ce matin faut que je bouge la. Marre de rester assi le cul sur une chaise";1418648769000;Examen;0;true
799468342242025473;Bangellam;"J'ai envie de vomir tellement c'est dÃ©gelasse a la cantine !";1418646343000;cantine;0;true
799504143302627328;GilIoweI;"D'habitude je n'aime pas la couleur rouge mais lÃ  je trouve que Ã§a lui va Ã  merveille ! Elle sera mienne :)";1418654878000;couleur;4;true
799506054802165761;manoneccleston;"Putain comment j'ai rien foutu au dc ce matin ğŸ˜”";1418655334000;matin;0;true
799078379558141952;Narsuisse;"Bjr. J'ai validÃ© par erreur mon pass Grand Stade alors que le match est Ã  Xh. comment rÃ©gler ce probleme ? merci !!!!";1418553368000;transpole;2;true
799474761779486720;Ambre_Snk;"Ptdr il y a une meuf qui m'a cherchÃ©e Ã  la cantine.";1418647873000;cantine;2;true
799480812490838016;Julien_Lacaze;"l'expo Star Wars Ã©tait cool mais au final elle valait clairement pas autant ! Je boycott l'expo !";1418649316000;Star Wars;0;true
799492077179228160;lafederationEI;"Lille confie son marchÃ© de l'Ã©clairage Ã  Cofely et Citeos     via";1418652002000;lille;2;true
799463198293090304;Loiicah;"La bouf a la cantine c'est telmnt dÃ©gueux ?";1418645116000;cantine;0;true
799489592678670337;FatMat91HD;"C'est surtout que les investisseurs en ont rien Ã  foutre de Lille  un club quelconque";1418651409000;lille;0;true
799131464611504128;LOSCJSP59;"bonjour y-a-t-il des navettes les prÃ¨s grand stade aujourd'hui ?";1418566025000;transpole;2;true
799480565769302016;huuimang;"Demain j'ai examen de physique j'pleure ptn T.T";1418649257000;Examen;0;true
799459946382073857;caluminex;"c trop deg la cantine";1418644341000;cantine;0;true
799488514189262848;ssgmcc;"J'ai de la chance quand mÃªme purÃ©e jsuis contente quoi puree";1418651152000;chance;4;true
799505617747296256;xDemiley___;"mais c'est vrai.. Tu sais que le jour ou tu nous a rejoins le matin mÃªme le pote Ã  Lucie a dit que t'Ã©tais trop belle!";1418655230000;matin;4;true
799456665132339201;transpole_bus;"En raison d'un trafic routier saturÃ© des retards sont Ã  prÃ©voir sur le rÃ©seau bus urbain.";1418405140000;transpole;0;true
799489121667108864;nalou_v;"Lola elle a trop de chance ??";1418651297000;chance;4;true
799461888206413824;clifford954;"Chui a la cantine g encore faim";1418644804000;cantine;0;true
799504766794305536;NekooowWho;"Bon j'ai encore envie de dormir.. J'vais le garder pour ce soir.. Je veux voir la rÃ©action de ma mÃ¨re.. DÃ©jÃ  elle m'a engueulÃ© ce matin..";1418655027000;matin;0;true
799456727924834304;Yasmimine_;"Ã€ la cantine c'Ã©tait dÃ©gueulasse j'ai envie d'vomir ğŸ˜·";1418643574000;cantine;0;true
807681283862183941;IBtlk;"?? t'es cool plein de bonheur avec ton gars";1481401198000;bonheur;4;true
799498762606194688;Ville_Brossard;"Voici la liste des parcs avec pour chacun d'eux les activitÃ©s Ã  faire sur place. Amusez-vous bien !";1418653595000;hiver;4;true
799480334231134209;Brendakeenv;"Marre de rÃ©vise pfff !!! Vivement que je passe mon examen";1418649202000;Examen;0;true
799500740098887680;CamilleSinelle;"Bon. Si la couleur rouge de mon manteau ne vous revient pas la voie pour aller vous faire voir est tout prÃªt.";1418654067000;couleur;0;true
799475721499181056;PriskaEden;"Y avait des Ã©pinards Ã  la cantine wsh !";1418648102000;cantine;2;true
799493565616070656;Quim_mrt;"J'ai un putain de coup de soleil   je suis plus rouge qu'une tomate --";1418652356000;soleil;0;true
799488127734509568;Lauradelevingne;"Putain un concert des Maroons X c'est tout c'que j'attendais dans ma vie";1418651060000;concert;4;true
799493623833034752;Martav69;"Premier jour de vacance j'ai la crÃ¨ve et y'a un beau soleil dehors ğŸ˜©";1418652370000;soleil;2;true
799483166502019072;SarahFrouin;"DerniÃ¨re semaine d'examen. Enfin..";1418649877000;Examen;4;true
799506258745999360;Darlan_Irie;"Jagged Edge_ Getting Over You je l'ai dans la tÃªte depuis ce matin merde";1418655383000;matin;0;true
799505983930994688;Valentiine__;"Vivement demain matin pour que je retrouve les petits ğŸ‘ŒğŸ’•";1418655317000;matin;4;true
799479870399823872;Sassou_YG;"J'ai examen dans XhX mais je suis devant Top Model USA en pyjama ?";1418649091000;Examen;2;true
799494703396552704;respect2lavie;"sur le fond la France s'est enrichie de plusieurs grands hÃ©ritages religieux et philosophiques tous Ã  respecter";1418652628000;france;4;true
799481020494757888;ribeirosalia;"En + demain je dois aller rattraper mon examen que j'avais ratÃ©";1418649365000;Examen;2;true
799498865819627520;pascaledelaport;"Chaque femme doit avoir du rose dans sa garde robe C'est la couleur du bonheur Christian Dior TrÃ¨s belle aprÃ¨s midi";1418653620000;couleur;4;true
799484578258587648;Swer_CDF;"Interstellar c'est une claque avec une chevaliÃ¨re";1418650214000;Interstellar;2;true
799489571904671744;Micalista;"hÃ¢te de le recevoir ! Encore merci pour le cadeau de NoÃ«l ! :D";1418651404000;cadeau;4;true
799496982279348224;VogueParis;"Lucia Pica prend les rÃªnes de la crÃ©ation maquillage de la maison de couture.";1418653171000;couleur;2;true
799488998551715840;gulumsetenben;"La chance Ã§a n'existe pas.";1418651268000;chance;2;true
799486302847344640;ElinaBtws;"je vais taper des poses dans Lille ğŸ˜‚! Je ramÃ¨nerai mon book t'inquiÃ¨te !";1418650625000;lille;4;true
799463755300847616;Poppy_Vagabonde;"La cantine du boulot de mon pÃ¨re c'est degeulasse";1418645249000;cantine;0;true
799506404976205824;ToBeOrNotThobie;"Ã‡a fais du bien une sieste d'XhX quand on s'est levÃ© Ã  XhX ce matin ?";1418655418000;matin;4;true
799504740449910784;CeliaatTiffanys;"par contre rÃ©pondez-moi avant demain matin.";1418655021000;matin;2;true
799508281134145536;little_pearl_;"mon pc beug trop quand je viens sur twitter c'est hyper chiant";1418655865000;twitter;0;true
799481091730804736;NourVsTheWorld;"Ouais je voulais voir interstellar a Megarama mais c'est trop loin pour Kalpo";1418649382000;Interstellar;0;true
799500123733331968;b_popi;"L'hiver va Ãªtre long... ğŸ˜¢";1418653920000;hiver;0;true
799494057670868993;hedifranco;"Ã‡a me fait du mal quand je voit des sdf l'hiver dehors alors que moi je vais rentrer manger comme je veux et dormir au chaud les pauvre ğŸ˜”";1418652474000;hiver;0;true
799479759405940736;AvenantePassion;"Bizarrement j'ai hÃ¢te de voir ce jeudi au cinÃ©ma. :)";1418649065000;Interstellar;4;true
799462714836647936;didine1759;"Ã€ la cantine on se fait bz quand on croit avoir commandÃ© un panini au Nutella alors que c'est de la pÃ¢te Ã  tartiner degueu ğŸ˜’";1418645001000;cantine;0;true
799503168600920064;Nawapmac;"Par contre vos papiers cadeaux couleur carton pour NoÃ«l c'est moche ! Il est passÃ© ou le beau papier rouge ? Ã«l";1418654646000;couleur;0;true
799488882046527990;nicoyoda;"Perso je n est jamais pris de taxi sur lille vue la taille de la ville. Je trouve que la concurrence est bien pour les consommateurs";1418651240000;lille;4;true
799505632112783360;valentinemsr;"En plus c'est chiant parce que le matin on dirait un hÃ©risson alors que avant je me coiffais pas.";1418655233000;matin;0;true
799461700704239618;AmbreVigreux;"J'ai glisser comme une merde dans la cantine ğŸ˜‚ğŸ˜‚ğŸ˜‚";1418644759000;cantine;0;true
799481490202275840;drugxofzaynx;"je sais plus quand je dois aller chercher mes rÃ©sultats d'examen en fait";1418649477000;Examen;2;true
799495233703366656;Anaskinny07;"Grosse culpabilitÃ© a cause du repas de la cantine qui Ã©tait a plus de X calories ! X PUTAIN !";1418652754000;cantine;0;true
799489999962738688;fiftynineradio;"Bon aprÃ¨s midi au son de la radio pop  news and sports du Grand Nord !";1418651506000;lille;4;true
799492752004984835;estouiiille;"J'espere que les repartirons en tournÃ©e et repasserons en France ! C'etait tellement genial comme concert ğŸ‘Œ";1418652162000;concert;4;true
799505397823160320;lesnuitsombres;"dÃ©jÃ  ce matin j'ai du courir pour avoir mon mÃ©tro c Ã§a ma vie -____-";1418655177000;matin;0;true
799473286621814784;melthefrenchie_;"On a eu des frites Ã  la cantine c'est pas souvent! :D";1418647522000;cantine;4;true
799492521288925184;Margaux_W1;"Terminer Ã  Xh mais devoir rentrer Ã  Xh parce que on paye pas la cantine pour rien nous! :((";1418652107000;cantine;0;true
799499389776277505;Celebriante;"Oui pour la Nouvelle ZÃ©lande en tout cas je prÃ©fÃ¨re le printemps Ã  l'hiver. =p";1418653745000;hiver;4;true
799483977990766592;DirectLille;"Lille. Thomas Desbonnet  disparu le jour de son anniversaire  reste introuvable";1418650071000;lille;0;true
799491409378902017;bibi13lps;"dispo mercredi soir pour un concert au Trabendo avec une place pour un de tes potes?";1418651842000;concert;2;true
799486732818046976;_neednobody;"voilÃ   vidÃ©o sur le concert :)";1418650727000;concert;2;true
799501091883573249;adupontrbx;"Quoi??? X mois pour rÃ©parer l'escalator d'Euroteleport? Roubaix relÃ©guÃ©e en Xde zone??";1418654151000;transpole;0;true
799458479394897920;clemis78;"J'hÃ©site a prendre des bÃ©quilles pour passer en premiÃ¨re Ã  la cantine ??";1418643991000;cantine;2;true
799457915135193088;kaitosoka;"Femme musulmane:il faudrait que toute les Ã©coles fassent une cantine halal.Ma rÃ©ponse:cest du racisme envers les autres religion et pas laÃ¯c";1418643857000;cantine;0;true
799466693041692673;Louiscoornaert;"Dommage il pourrais Ãªtre bien avec une combo charge. Mais a par avec le nouveau robot je vois pas comment.";1418645949000;HearthStone;0;true
799501655740641281;BeMyHomeBoy;"J'accepterai d'Ãªtre une blinger Ã  nouveau quand Jonghyun aura une couleur de cheveux normale. J'en peux plus de ce gris/jaune/caca d'oie.";1418654285000;couleur;0;true
799502763758309376;HyemiAe;"J'ai mon partiel de civil jeudi mais pour le moment ma plus grande prÃ©occupation est de savoir quelle couleur de vernis je vais mettre ğŸ˜…";1418654549000;couleur;2;true
799489003815567360;vieuxbouc_;"Je note bonne chance! :v";1418651269000;chance;4;true
799054688149417984;transpole_bus;"Les dimanches aprÃ¨s-midi de DÃ©cembre Transpole renforce certaines Lignes de bus. Bougez avec !";1418547720000;transpole;4;true
799495331850067968;Didovsh;"la couleur est Top !";1418652778000;couleur;4;true
799475250046812161;Le_Gugu;"PremiÃ¨re fois que je vois les vestes oranges servir Ã  quelque chose ! Contre la fraude bravo";1418647990000;transpole;4;true
799492850185244672;CarlaGuibert;"J'aime ton sens de l'humour mon petit Jackounet";1418652186000;humour;4;true
799319155018326016;AlyssiaDekeyser;"Bon nique ta mÃ¨re";1418372355000;transpole;0;true
799477505542160384;AlicexCvlr;"Demain j'ai Xh d'examen et puis c'est finiğŸš¶";1418648527000;Examen;2;true
799474481914560512;BertilleDrv;"Je commence ma semaine d'examen ac statistique et la fini ac mise Ã  niveau maths sans oublier biologie en plein milieu. Il veulent ma mort.";1418647806000;Examen;0;true
799458285068210177;DirkPuype;"Notre cantine !!!! C'est top comme d'habitude !! Merci";1418643945000;cantine;4;true
799498709657296896;rihslxt;"en vrai c'est trop laid les srunoms que vous donnez a rih juste pour la couleur de ses cheveux mdrrr brownanna redanna blackanna greyanna";1418653583000;couleur;0;true
799492158129283073;atlantic2;"Denis Verron () est Ã  la cantine !";1418652021000;cantine;2;true
799457795618488320;Dreams_Latina;"J'aime pas les gens qui mange tout seul a la cantine";1418643828000;cantine;0;true
799488301844250625;ninaddict;"Ohh la chance une fille qui tient un compte tumblr de Nina l'a rencontrÃ©e ğŸ˜­ğŸ˜­";1418651101000;chance;4;true
799467671409279900;Kvin_Krewyo;"Bon ben cette semaine pas de tournoi de  et  pour moi au  parce que j'ai partiels les lendemains Ã  Xh";1418646183000;HearthStone;2;true
799507795421799448;Fanny_Dmn;"J'ai appelÃ© transpole.... Ils ont pas trouvÃ© de carte a mon nom Ptdrr et aller Xâ‚¬ dans mon cul";1418655749000;transpole;0;true
799494934112616448;Pipant_Mot;"Avec la pilule et l'IVG la France a dÃ©cidÃ© de ne plus faire les enfants elle-mÃªme. Elle a trouvÃ© plus pratique de les importer.";1418652683000;france;0;true
799487506574856192;amazingfrancois;"interstellar l'un des meilleurs film de cette annÃ©es";1418650912000;Interstellar;4;true
799505372267266048;emaalns;"Ton message de soutien de ce matin est officiellement dÃ©crÃ©dibilisÃ©......";1418655171000;matin;0;true
799491897915084800;transpole_bus;"Le rÃ©seau bus urbain circule Ã  nouveau normalement.";1418413540000;transpole;4;true
799495509160079360;Maxiime_28;"Je suis toujours persuadÃ© que c'est Miss CÃ´te d'Azur qui aurait du gagner le concours Miss France !";1418652820000;france;2;true
799466094241873920;adrienmoussours;"Je suis toujours seul le lundi a la cantine :/ il mange tous a Xh";1418645807000;cantine;0;true
799495238505840640;aliciialpz;"Ville resto plaisir d'hiver patinoire anniversaire de la mama prÃ©parer mon sac pour chez papa";1418652755000;hiver;2;true
799478485041782784;AciiDTV;"J'aime une vidÃ©o  de Â - HearthStone GvG : UnXd - Mage [LÃ©gende FR]";1418648761000;HearthStone;4;true
799479333210140672;phfrei;"Visite de l'Expo Star Wars identities Ã ";1418648963000;Star Wars;2;true
799505726522363904;AlexWiizzle;"Mais c'est mardi jeudi et samedi matin ?";1418655256000;matin;2;true
799483176845152256;Chichaam28;"ah t'as encore examen alors :/";1418649880000;Examen;2;true
799504337062694913;shagshag;"pendant un temps le rose Ã©tait une couleur portÃ©e que par les hommes par exemple";1418654925000;couleur;2;true
799494758383849472;LEGENRA;"FranÃ§ois LOOS ancien Ministre est Ã©lu Ã  lâ€™unanimitÃ© PrÃ©sident de Brasseurs de France!";1418652641000;france;2;true
799493924342333440;illoult;"Cantine implique cuisine indus implique prÃ©sence de chalumeau !";1418652442000;cantine;2;true
799462311910834176;NiaallsWife;"on a bouffÃ© des frites Ã  midi Ã  la cantine et du coup les fringues puent !";1418644905000;cantine;0;true
799496938750836736;JxrdanL;"L'hiver Ã§a a un sÃ©rieux effet niveau comportement je te jure";1418653161000;hiver;2;true
799504961233870849;meufdu94_;"hier encore tu l'applai mon frÃ¨ro mais s'matin tu lui tirai dessus";1418655073000;matin;0;true
799486830239129602;P0w0L;"Ouais jcomprend bien  mais dans d'autres ville comme Lille je pense ca doit clairement achever les taxis !";1418650751000;lille;0;true
799506044253499393;TaylorHarvest;"Il pleut depuis ce matin";1418655332000;matin;2;true
799054688094912512;transpole_metro;"Le MÃ©tro les dimanches de DÃ©cembre c'est une rame toutes les X minutes. Bougez avec !";1418547720000;transpole;4;true
799409285216968704;AlyssiaDekeyser;"Transpole et ponctualitÃ© = incompatible";1418632262000;transpole;0;true
799494555257925632;WifeOfTheJoker;"Ã§a c'est moi...j'avais un milliard d'idÃ©e de trucs a faire cette hiver et lÃ  je veux les Ã©crire pour pas oublier mais plus rien me reviens";1418652592000;hiver;0;true
799321356537171969;AlyssiaDekeyser;"J'ai les nerfs !!! Faites votre travail correctement et aprÃ¨s osez mettre des amendes bande de connards";1418372880000;transpole;0;true
799489589948559360;Tendresse_fleur;"Ouf Ã§a y'es j'ai fini de faire le cadeau de noÃ«l pour mon amoureux â™¥";1418651409000;cadeau;4;true
799485185627373568;illoult;"sup  de la recherche et de lâ€™universitÃ© ne veut Ã  mon avis rien dâ€™autre que de conserver son fonctionnement affreusement rance.";1418650358000;universitÃ©;0;true
799505308341878784;Novaaish;"Vous vous levez tÃ´t le matin ? FÃ©licitations vous remportez la mÃ©daille d'or olympique.";1418655156000;matin;4;true
799489081674432512;invadeed;"Du coup je dois repasser mes Ã©preuves du Bac de franÃ§ais en redoublant pour avoir la chance d'Ãªtre prise.";1418651287000;chance;0;true
799115782205747200;tekinfonumerik;"toujours citÃ© comme problÃ¨me dans les quartiers Il serait temps que la communautÃ© urbaine Lille MÃ©tropole rÃ©agisse !";1418323867000;transpole;0;true
799486058088742913;Leonnidos;"J'aimais dÃ©jÃ  Lana Del Rey avant le concert Ã  L'Olympia alors aprÃ¨s... Bah je vis Ã  peu prÃ¨s la mÃªme histoire avec Christine & The Queens !";1418650566000;concert;4;true
799484366735261696;urbalille;"Transpole: Encore trois semaines pour Ã©changer les Â«tickets papierÂ» - via";1418650163000;transpole;2;true
799483293211942912;PtiiteChOuupi;"Examen toute cette semaine";1418649907000;Examen;2;true
799021254295707649;uvn_fnaut;"RT Pour rembourser des tickets l'Agence demande d'aller au siÃ¨ge Ã  Marcq mais lÃ  on refuse tout remboursement !";1418301330000;transpole;0;true
799467389526867969;Lena_payo;"Avec ZoÃ© loelia NoÃ©mie on doit nettoyÃ© toute la cantine sm!";1418646116000;cantine;0;true
799466899103645696;Meuuuuh;"J'ai l'impression d'avoir passÃ© mon annÃ©e avec Matthew McConaughey: en X j'ai vu Dallas Buyers Club True Detective et Interstellar...";1418645999000;Interstellar;2;true
799504545460899840;Maxime_pelerin;"mais bon vu que ce matin j'ai cartonnÃ© Ã§a va";1418654974000;matin;4;true
799502071094157312;Hyacinthe__;"Ah du coup j'aime bien mais surtout comme sur la Xe photo quand la couleur du piercing se confond presque avec la peau";1418679984000;couleur;4;true
799480618495868929;Brendakeenv;"MÃªme si je suis pressÃ© de passÃ© mon examen mais je suis comme mÃªme stresse . Ã©";1418649270000;Examen;0;true
799474559463047169;xvkgirl;"A vrais dire mon examen de science je n'ai rien compris Ã  sque je dois etudier?";1418647825000;Examen;0;true
799207151900942337;NicolasLoutz;"ton single Okay est sur la playlist Transpole ! Pour une fois qu'ils diffusent du bon son dans les stations de mÃ©tro :)";1418584070000;transpole;4;true
799474604425986048;NawelLas;"Je suis ko en plus a la cantine jai juste manger du pain et deux yaourt...";1418647836000;cantine;0;true
799485656484122624;illoult;"Bien sÃ»r  les coupes budgÃ©taires  les saloperies type ANR  la vente de lâ€™universitÃ© aux patrons  etc. donnent des envies de poser des bombes";1418650471000;universitÃ©;0;true
799473016521220096;SmileyTrains;"TrÃ¨s pratique la carte de cantine utilisable Ã  Paris-Est ou Noisy ! Rechargeable CB Chq EspÃ¨ces plus besoin de monnaie. :-)";1418647457000;cantine;4;true
799499654877257728;kingsIouis;"j'm'ennuie tellement que j'ai fait mes ongles une main de chaque couleur ma vie est triste";1418653808000;couleur;0;true
799487838260400128;AudreyPoiraud;"Hier soir j'ai pu rÃ©aliser le rÃªve de ma petite soeur de vous voir en concert ! Des Ã©toiles pleins les yeux ! Merciiiiii !!!!";1418650991000;concert;4;true
799496090108944386;cedrichauptlin;"La bouffe de la cantine m'a rendu malade :/";1418652958000;cantine;0;true
799493052069691392;fanph94;"bravo a vs ...le concert a paris etait vraiment genial ...big up a tt les artistes et techniciens de la tournÃ©e ...";1418652234000;concert;4;true
799478809270272000;MauroWantier;"Avec seulement X questions l'examen de franÃ§ais Ã§a va Ãªtre chaud moi je te le dis en plus je sais mÃªme pas faut Ã©tudier quoi";1418648838000;Examen;0;true
799483779979866112;drugxofnarry;"Demain j'ai examen d'histoire c'est la merde ğŸ˜©";1418650017000;Examen;0;true
799493637753925632;Ertilink;"MEEERDE Ils sont en concert le X janvier Ã  Paris et les places sont dÃ©jÃ  toutes rÃ©servÃ©es! Ma vie est foutue :'(";1418652374000;concert;0;true
799468624514506752;nopainnogainlp;"Quand y'a des pates Ã  la cantine j'suis heureux c'est le seul truc mangeable?";1418646410000;cantine;4;true
799482983781363713;gomdori612;"he non.. en fait j'en ai juste un  examen  et tu veux savoir le pire?... QCM.. X minutes. ......";1418649833000;Examen;0;true
799460705186189312;LuCiE08500;"A croire qu'il n'y a jamais eu un meilleur repas que aujourd'hui Ã  la cantine mdr";1418644522000;cantine;4;true
799487993652554752;MaroK1FRY692;"UniversitÃ© lumiÃ¨re Lyon X non pas payÃ©e la facture smois ci   coupure budgÃ©taire oblige . ffff";1418650420000;universitÃ©;0;true
799476909246377984;TheMoonxxx;"j'ai examen demain donc je dois connaitre tout mais .. Voila ? Ã§a fait deux ans que j'ai dÃ©crocher et j'ai tt oubliÃ© ğŸ˜Š";1418648385000;Examen;0;true
799483788437594112;mrs_tmlnsn;"je ss sortie dla cantine en courant j'avais trp envie de vomir j'ai pas pu atteindre les toilettes jme ss cachÃ©e et j'ai vomi ds ls fleurs";1418650025000;cantine;0;true
799503908106645504;Tangjacques;"Un peu de couleur par cette grisaille n'a jamais fait de mal Ã  personne au contraire ! VoilÃ  deux belles...";1418654822000;couleur;4;true
799484700904235009;Alexx_Dfr;"Haha y'a tout les consultants Ã  la cantine";1418650243000;cantine;2;true
799483306335899649;Sanctuc0;"y a aussi Star Wars The Force Unleashed X dans la catÃ©gorie suite dÃ©cevante";1418649910000;Star Wars;0;true
799699621718282240;Haha_olivia;"Transpole ils sont pas foutu d'Ãªtre Ã  l'heure rÃ©sulta je vais arrivÃ© en retard";1418463065000;transpole;0;true
799469557046677504;Planete_SF;"Interstellar Un film de SF comme on en avait pas eu depuis longtemps une magnifique expÃ©rience qui nous fait...";1418646632000;Interstellar;4;true
799506396835069952;Chlo_Lav;"nan c'est demain matin :)";1418655416000;matin;2;true
807681249892560897;JestinDamien;"c'est donc Ã§a le bonheur??";1481401190000;bonheur;4;true
799464393401274370;InesLocos;"Ã€ la cantine";1418645401000;cantine;2;true
799459163863371776;lucieambr;"mais a la cantine on mange du caca wsh";1418644154000;cantine;0;true
799506437410779136;rodeniall;"c'Ã©tait trop bien le sport ce matin avec clara coli n mathis paul juju";1418655425000;matin;4;true
799122703629443072;transpole_tram;"Le tramway circule en voie unique entre les stations Foch et Cerisaie Centre d'Affaires. Des retards sont Ã  prÃ©voir.";1418325517000;transpole;0;true
799048207191007232;MatDeWitt;"C'est moi ou transpole a changÃ© quelques rames de certains mÃ©tros ?";1418307756000;transpole;2;true
799500100895371264;santadenn;"Mais je le referais bien en hiver :)";1418653915000;hiver;4;true
799486905614958592;elili63;"trop hÃ¢te de te voir en concert en plus je serais dans la fosse or trop contente!!! tu verras les Clermontois c les meilleures!";1418650769000;concert;4;true
799484981004054528;AllianceS_E;"FÃ©licitations Ã  Philippe Marquis  Ã©tudiant-athlÃ¨te Ã  la TÃ©luq - L'universitÃ©. Aujourd'hui.  pour sa superbe...";1418650310000;universitÃ©;4;true
799495481788047360;_Meelissa__;"Mais je sais pas quel couleur";1418652813000;couleur;2;true
799477063278002176;abdominido;"ouiiiiiii ? . AprÃ¨s celle de Star Wars ce sera parfait !!!";1418648422000;Star Wars;4;true
799471559260618752;OceaneLve_;"Pour une fois j'ai bien manger c'midi Ã  la cantine ğŸ‘Œ";1418647110000;cantine;4;true
799479533156823040;Comamanel;"J'espÃ¨re au moins que l'examen se passe/s'est passÃ© bien ^^";1418649011000;Examen;4;true
799470964096872448;HearthShow;"Trolden revient sur des moments de jeu mÃ©morables en vidÃ©o: Trolden nous gÃ¢te avec une nouvelle vidÃ©o de momen...";1418646968000;HearthStone;4;true
799491885772152832;Lumyko;"C'est pas facile de se remettre Ã  Ã©tudier aprÃ¨s avoir Ã©tÃ© au concert de hier. It was awesome !";1418651956000;concert;4;true
799468308926668800;TONYYKTAMER;"Je me suis mis a Hearthstone cest vraiment un jeu genial le nombre de tactique et de choix et enormes et j'suis loin de toutes les connaitre";1418646335000;HearthStone;4;true
799502391220219904;GoldieSarahh;"c'est parfait j'adore le style lÃ©ger Ã©purÃ© sans que ce soit chargÃ© de couleur";1418679961000;couleur;4;true
799493841722933248;P0oudipouda;"Pensez-a moi et surtout profitez pour moi ! Et si quelqu'un veut m'appeller pendant le concert  je ne dit pas non ! ^__^";1418652422000;concert;4;true
799505386469175296;borismeyer;"J'appel la prÃ©fecture ce matin ils disent qu'il faut appeler l'aprÃ¨s-midi. J'appel donc l'aprÃ¨s-midi et je vous laisse deviner la suite...";1418655175000;matin;0;true
799497198491521024;VictorCoulet;"Mais on est mÃªme pas encore en hiver c nimp";1418653223000;hiver;0;true
799460634205978624;andrea_p02;"Aujrd amina elle est tombÃ©e dans les escaliers et elle a oubliÃ© son sac dans la cantine mdrrr";1418644505000;cantine;0;true
799367168474501120;Mc_Mathys;"Transpole aussi ca commence a me gaver";1418383802000;transpole;0;true
799481510179745792;Prince_Ethiopia;"La plÃ©iade Du Bellay Ronsard CollÃ¨ge Ã  Paris Langue franÃ§aise. Examen de demain :(";1418649482000;Examen;2;true
799494760925593600;LavakyMohamed;"(Momo-Inf@) Le Sionisme ruine la France Ã  petit feu les franÃ§ais vont tombÃ©s de haut mais ce sera trop tard pour se plaindre !";1418652641000;france;0;true
799459583264399361;MonsieurbackPH;"Je suis actuellement a la cantine";1418644254000;cantine;2;true
799468363955929088;treecotot;"J'ai payer mon amende et il me redemande de payer Xâ‚¬ mais quelle bande de fonctionnaire";1418646348000;transpole;0;true
799482382070710272;NinaPinto3;"J'ai pas mon permis jfais dÃ©jÃ  taxi chercher le dossier d'une emmener les autres passer leur examen... ğŸ‘ŠğŸš–";1418649690000;Examen;2;true
799479065768747008;IlonaLevy;"Ptn encore un examen et puis fini ! ?";1418648899000;Examen;4;true
799506341105360896;VidaaLocaaw;"ce matin elle m'a montrÃ© une photo d'elle wallah une grosse barre jm'en suis pas remise mddrr cette folle";1418655402000;matin;4;true
799399692017442816;lorenmas9;"Jvais serieusement leur niquer leur maman a transpole";1418629975000;transpole;0;true
799482423208411137;Detta90s;"Mon prof a oubliÃ© qu'il y a examen ğŸ˜‚ğŸ˜‚";1418649700000;Examen;4;true
799468389725745152;learamp;"La cantine Ã§a devient nul tin";1418646354000;cantine;0;true
799466459799809473;shine_kuyo;"Mdr cantine";1418645894000;cantine;4;true
799492858326401024;LLOYDLWT;"Enfin bref j'ai revue zayn  liam  niall et harry encore plus prÃ¨s qu'au concert donc j'Ã©tais quand mÃªme super contente";1418652188000;concert;4;true
799490916703387649;ternpropymer64;"fc Coupe de France de football : le grand soir de Lille Sud  pour lâ€™exploit et contre les prÃ©jug";1418651725000;lille;4;true
799463986713190400;kedabi_;"Il est bien interstellar";1418645304000;Interstellar;4;true
799482401767149568;MarionCaza;"Faire Xh de route aller-retour pour Xmin d'examen..";1418649695000;Examen;0;true
799495645231689728;Hirsute_;"Meeeeh du coup t'as une jolie couleur de peau c:";1418652852000;couleur;4;true
799489596248420352;AnaHEWolf;"Ah bah enfin un concert en France pour Maroon X !";1418651410000;concert;4;true
799458811969638401;CelyaSL;"la cantine j'aime plus trop y aller c'est chiant";1418644070000;cantine;0;true
799482993742815233;_BelieberJ1994;"Demain j'ai examen de math Ã§a me saoule j'dois Ã©tudier Ã  fond psq y aura peut Ãªtre des dÃ©finitions Justin Bieber";1418649836000;Examen;0;true
799474522293112832;sbiti_;"J'ai bien passÃ© mon examen \o/";1418647816000;Examen;4;true
799480847500685312;Loni_76;"J'ai un examen en anglais de X heure ğŸ˜±";1418649324000;Examen;2;true
799498977237127168;melaniedegoy;"Plaza Andorra HÃ´tels la chambre Ã  partir de Xâ‚¬ cet hiver";1418653647000;hiver;2;true
799464339810680832;m_vidal333;"A la cantine c'Ã©tait trop bon aujourd'hui !ğŸ˜±ğŸ™ˆ";1418645388000;cantine;4;true
799495108687949825;celinetexane13;"merci pr tt ces instants de bonheur ... il y a X ans j ai fais le tour de france pr vs suivre en concert souvenir intact...";1418652724000;france;4;true
799470928189816832;LouiseRdz;"Transpole c'est bien des voleurs.";1418646959000;transpole;0;true
799470979469398017;TeddyMonAl_;"La cantine c'est pas bon";1418646971000;cantine;0;true
799023478958305280;CR7vanmarcke;"Jvoi il marque une heure et enfaites c'est une autre bah Nike ta mÃ¨re transpole";1418540279000;transpole;0;true
799458884287827968;MiniFrebault;"Petite engueulade Ã  la cantine";1418644088000;cantine;0;true
799505319792332801;lea_helmer;"Horminelle elle m'a fait pleins de bisous ce matin ??";1418655159000;matin;4;true
799492400845283328;DahliaRJM;"Plus le temps passe et plus je me rends compte que tout le X est allÃ© au concert de Tokio Hotel en X Ã  Monaco comme moi x)";1418652079000;concert;2;true
799489442799788034;Poupette_and_Co;"Ah ben enfin !!! (Mon premier cadeau de fin d'annÃ©e au boulot)";1418651373000;cadeau;4;true
807681302564601856;PseudoPseudo_;"le bonheur n'existe pas c'est juste la souffrance qui fait une pause";1481401203000;bonheur;2;true
799456703182647296;Margot_Lafolie;"Je suis comme une merde Ã  l'entrÃ©e de la cantine parce que j'ai pas ma carte";1418643568000;cantine;0;true
799489474542305280;shivasdemons;"ya intÃ©rÃªt sinon y restera plus rien pr ton cadeau d'anniversaire bb";1418651381000;cadeau;0;true
799499360432943104;MnkNi;"Et actuellement - je ne sais plus si je vous l'ai dÃ©jÃ  dit - je lis La Couleur des sentiments de Kathryn Stockett. Touchante histoire.";1418653738000;couleur;4;true
799490579940691968;GilIoweI;"Devant Kids j'adore !";1418651638000;TF1;4;true
799457020502716416;Noemie_hrl;"Trop long cette putain de cantine !!! ğŸ”«ğŸ”«ğŸ”«";1418643643000;cantine;0;true
799499899560374272;Remi_Chouchou;"Pour le premier jour de l'hiver je veux juste de la neige";1418653867000;hiver;2;true
799507996427534336;marion_guilbert;"Mon chÃ©ri il m'a quittÃ© ce matin bah il me manque dÃ©jÃ ";1418655187000;matin;0;true
799458969012764672;CelyaSL;"j'vais essayer de plus trop manger Ã  la cantine l'annÃ©e pro";1418644108000;cantine;2;true
799498606125088768;GilbertNutier;"vive la montagne ! j'aime bien la montagne en Ã©tÃ© comme en hiver , c'est la belle nature qui compte ";1418653558000;hiver;4;true
799506293831364608;Nosferalis;"Le sujet de philo de ce matin Ã©tait La vÃ©ritÃ© scientifique est-elle relative?";1418655391000;matin;2;true
799469993791160320;hitszniall;"c'Ã©tait deg Ã  la cantine";1418646736000;cantine;0;true
799494773176791042;catwomanParis;"Angela Merkel plÃ©biscitÃ©e par les FranÃ§ais: Â  Â  Â  X % des FranÃ§ais auraient une bonne opinion de la chanceliÃ¨...";1418652644000;france;4;true
799508265846296576;Nico_Favreau;"Elle est juste trop belle ?";1418655861000;twitter;4;true
799505777218912257;Nikal83;"J'essaye depuis ce matin de faire une vanne avec la Saint Ninon et le jeu du Ni oui Ni non je n'arrive Ã  rien je suis une merde.";1418655268000;matin;0;true
799479945180073984;BabyGrandey;"j'dois Ã©tudier pour mon examen d'eco demain mais j'ai la flemme :///";1418649109000;Examen;0;true
799503898233663488;Camouune;"Grosse envie de changer de couleur de cheveux";1418654820000;couleur;2;true
799475622227968000;nAtAsNVZ;"J'aime une vidÃ©o  de Â - Tournois Hearthstone - X Euros pour le gagnant";1418648078000;HearthStone;4;true
799658073400033280;aymericdele;"Transpole c'est vraiment des fdp je suis en retard pcq les trams passent pas ptnnnğŸ˜¤";1418453160000;transpole;0;true
799492893923471360;Les4Fromages;"Le soleil ce lÃ¨vera avec ou sans toi .";1418652196000;soleil;2;true
799366206825463808;TontonLGD;"Wsh transpole ils savent pas reparer des escalator";1418383573000;transpole;0;true
799489071008284672;AnassFellali;"distance distance donne moi une chance";1418651285000;chance;2;true
799748559565496320;HeleneHvrt;"Transpole part en couilles";1418474733000;transpole;0;true
802899562344181760;micheldordogne;"Normandie : deux morts dans deux accidents de chasse distincts sur Orange Actualitï¿½s";1480261147000;actualites;0;true
802901758599168000;Souhayla_B;"Cinï¿½ma avec tout la famille ???";1480261671000;cinema;4;true
802883626547474433;sisofanarchy;"l'amitiï¿½ Malefoy/Potter dans le dernier livre c'est tellement beau ?";1480257348000;harrypotter;4;true
802905055657689088;bbc75tbm;"Happy thanksgiving too. Mï¿½me si en France on le fï¿½te pas. ?";1480262457000;france;4;true
802898458856292352;GuerraPerez5;"Nico  est champion du monde";1480260884000;actualites;4;true
802618909094330368;jimlejeune;"3. Exclure un ï¿½lï¿½ve sans se poser la question de son avenir, juste s'en dï¿½barrasser, c'est fabriquer de la dï¿½linquance.";1480194234000;delinquance;0;true
802899297629077504;JemniKarima;"Nico Rosberg est champion du monde, la victoire pour Lewis Hamilton ï¿½ Abu Dhabi  by  via";1480261084000;actualites;4;true
802916889781555200;amelielionnet;"ï¿½ la base ï¿½a devait ï¿½tre un week-end tranquille rï¿½vision, puis bah c un peu parti en couille... ?";1480265278000;revision;0;true
802902333512249344;JoeFwi;"Hï¿½te de voir les rï¿½actions ï¿½ la sortie de sausage party au cinï¿½ma, avec en plus la voix de Hanouna c'est la 9eme porte de l'enfer ???";1480261808000;cinema;2;true
802894083878326276;castelgr;"Bonne chance en effet ï¿½ ce sympathique ï¿½tudiant! G Castel";1480259841000;etudiant;4;true
802905089279135744;LeFourkan;"je rigole de fou hahahahaha ! Erdogan qui a plus de voix que Copï¿½ en france ????";1480262465000;france;4;true
802905381475389440;lsailliet;"La suite et la fin du triste feuilleton Hollande. Dommage pour la France ?";1480262534000;france;0;true
802897284937744384;Staffy_F;"Champions du monde de pï¿½re en fils dans la mï¿½me discipline";1480260604000;actualites;4;true
802900879862960128;aliamsi;"J'ï¿½tais allï¿½ le voir dï¿½s sa sortie cinï¿½ma ï¿½ Dakar... Je ne pense pas avoir vu meilleur film depuis.";1480261461000;cinema;4;true
802899778891878400;unluckiest_girl;"Cookies, ovomaltine, eau citronnï¿½e = mode rï¿½vision activï¿½";1480261199000;revision;4;true
802894315290853376;jdanielsenat;"Prï¿½sidentielle amï¿½ricaine: Donald Trump juge ï¿½ridiculeï¿½ un recomptage des voix  via";1480259896000;presidentielle;0;true
802895579089092609;LE_SPARTIATE480;"Jupï¿½ est trop vieux pour mener une campagne prï¿½sidentielle.";1480260197000;presidentielle;0;true
802904937579454464;LALICORNE13;"mdr! Non ce ne sera pas pareil, remettre la France sur pied coutera d'ï¿½normes sacrifices c'est vrai, ce sera dur mais Gagnant!";1480262429000;france;4;true
802907956954144768;Itsbaeda;"aprï¿½s avoir donner naissance et allaiter tes enfants c'est meme personne enviera t'es joli seins Oc";1480263148000;naissance;4;true
802918145812004864;ma_adens;"Jveux aller a Disneyland pdt la pï¿½riode de Noï¿½l";1480265578000;noel;2;true
802902478773686272;VictoriaCouraud;"A la base, j'ï¿½tais sensï¿½e m'occuper du blog en revenant du cinï¿½ma. Mais ï¿½a c'ï¿½tait avant d'ï¿½tre rattrapï¿½e par la fatigue d'hier soir ?";1480261842000;cinema;2;true
802905254857764867;DefiExpressECS;"ï¿½ vos papilles ! Voici nos coups de coeurs des restaurants Niï¿½ois qui se sont emparï¿½s d'un mode de vie : vï¿½gï¿½tarienï¿½";1480262504000;vegetarien;4;true
802881052633079808;CamSaltarelli;"Il faut que j'aille au salon de l'ï¿½tudiant la semaine prochaine";1480256734000;etudiant;2;true
802911721568485377;evil_SDOC;"point de rupture en passe d'ï¿½tre atteint - la nasse se referme sur la partie Nord de la zone rebelle.";1480264046000;rupture;4;true
802900181503082496;CamilleAnzalone;"j'ai trop envie d'allez au cinï¿½ma";1480261295000;cinema;4;true
802893577621803008;YOLANDESANDRA;"Primaires : la gauche franï¿½aise en mille morceaux";1480259720000;presidentielle;0;true
802899355027943424;maramistura;"Ski alpin - CM (F) - Slalom de Killington : Mikaela Shiffrin en tï¿½te de la premiï¿½re manche";1480261098000;actualites;4;true
802856746003951616;Andyrecteur;"..ont ete minimisï¿½es. Conclusion : Le seul moyen de vivre dans un pays sans delinquance cest de vivre dans un pays sans precaritï¿½";1480250939000;delinquance;2;true
807514368443355136;politicodoc;"FranÃ§ais donnez leur enfin la leÃ§on qu'ils mÃ©ritent : Ã  la prochaine prÃ©sidentielle votez extreme !";1481361402000;prÃ©sidentielle;0;true
802917509863047168;bionnet1;"mï¿½chant con est prï¿½s ï¿½ tout, une tï¿½che pour la gauche cet ectoplasme devenu la crevette de l'ï¿½cologie, vï¿½gï¿½tarien un jour.....";1480265426000;vegetarien;0;true
802895514278776832;yannsinclair;"Philippe Martinez promet des mobilisations si la droite gagne en 2017";1480260182000;presidentielle;4;true
802899379187171330;maramistura;"F1 - GP d'Abu Dhabi - Lewis Hamilton : ï¿½J'ai fait tout ce que je pouvaisï¿½";1480261103000;actualites;4;true
802897775176384516;Actualites_FOOT;"Neymar a eu un accident de voiture ce matin mais n'a pas ï¿½tï¿½ blessï¿½ et pourra participer ï¿½ la rencontre ce soir facï¿½";1480260721000;actualites;2;true
802899014723207168;Morganovitch_;"Et on ne parle pas assez de la musique de Harry Potter. C'est l'une des BO les plus belles de l'histoire du cinï¿½ma svp";1480261016000;cinema;4;true
802669227798736896;Clem_Vdm;"Les gens arrï¿½tez de dire "tu ressembles ï¿½ HarryPotter" juste pcq cette personne porte des lunettes, vous ï¿½tes usants.";1480206231000;harrypotter;2;true
802901480080633856;Evadelgatto;"et ses coups de gueule j'adore tu me fait trop rire je t'adore et le coup du pot de peinture est en rupture de stock tu ma tuer ???";1480261604000;rupture;4;true
802896808938762240;mistercool87;"putain tous ces vieux cons qui vont voter Fillon faudrait les tuer ï¿½ la naissance";1480260491000;naissance;0;true
802896552133959680;AmbroiseLion;"A Wall Street, peu de bonnes affaires en vue dans la distribution";1480260429000;actualites;2;true
802891327839014912;heartftcabello;"Bordel j'ai des frissons ?";1480259184000;harrypotter;4;true
802898771424071681;quebecdailynews;"Tentative de meurtre ï¿½ Montrï¿½al-Nord: Un homme de 27 ans a ï¿½tï¿½ victime d'une tentative de meurtre samedi soir dansï¿½";1480260958000;actualites;0;true
802896588926382080;LesEchos;"La pression monte sur la candidature de Franï¿½ois Hollande ï¿½ la prï¿½sidentielle";1480260438000;presidentielle;2;true
802869379633291264;69003;"Des nouvelles encourageantes de Marin, l'ï¿½tudiant hï¿½roï¿½que de la Part-Dieu";1480253951000;etudiant;4;true
802895647720341506;dantesfg01;"Le trio de la mort.  Au secours la gauche revient !!";1480260214000;presidentielle;0;true
802894263520403457;Piotre2015;"la primaire en France est le premier tour de l'ï¿½lection prï¿½sidentielle";1480259884000;presidentielle;2;true
802869790549352456;LisonS44;"Le simulateur du parc d'attraction au salon de l'ï¿½tudiant c'ï¿½tait vraiment dï¿½lirant";1480254049000;etudiant;4;true
802902801953259520;Hninata;"J'suis au cinï¿½ma pour voir Alliï¿½s la salle elle est petite alors que y'a tarpin de monde";1480261919000;cinema;2;true
802898423620005888;sferihedi;"Lï¿½infertilitï¿½, un tabou chez les hommes ?";1480260875000;actualites;2;true
802904738736066560;GodBlessNate;"3 mois d'universitï¿½ est j'ai toujours pas rencontrï¿½ "l'amour de ma vie"";1480262381000;universite;2;true
802851155407671296;bassimont;"La liste s'allonge,soyons rï¿½actifs ï¿½ cette hï¿½catombe. Seul le FN  agira fermement contre toute cette dï¿½linquance inadmissible.";1480249606000;delinquance;0;true
802894587551502336;intefree_actu;"Face ï¿½ une droite en ordre de bataille, la gauche incapable de dï¿½signer son candidat -";1480259961000;presidentielle;2;true
802900909814648832;intefree_actu;"Primaire de la droite?: les ï¿½lecteurs nantais partagï¿½s entre ï¿½ï¿½ruptureï¿½ï¿½ et ï¿½ï¿½modï¿½rationï¿½ï¿½ -";1480261468000;rupture;2;true
802523129801125889;VdMiroir;"Primaire ï¿½ droite: Dï¿½linquance, terrorisme, prison... Les idï¿½es de Juppï¿½ et Fillon sur la sï¿½curitï¿½";1480171398000;delinquance;2;true
802866692548415492;Sou__Haiel;"Tellement hï¿½te d'ï¿½tre ï¿½tudiant et de quitter cette vie de merde qu'est le lycï¿½e";1480253310000;etudiant;2;true
802899142410440704;madii_r;"Impossible de bosser ce week-end... On va dire que c'ï¿½tait ma derniï¿½re pause avant les 2 semaines de rï¿½vision ?";1480261047000;revision;0;true
802918130557341696;queeenyna;"j'ai les cadeaux de noï¿½l pour tout le monde, mï¿½me ma belle famille ?";1480265574000;noel;2;true
802893939942506496;yvngmalefoy;"c'est quoi le baptï¿½me ï¿½tudiant?";1480259806000;etudiant;2;true
802908520077066240;Origenetrs2;"On a aussi attendu la rupture promise par Sarkozy entre 2007 et 2012";1480263283000;rupture;2;true
802891483728805889;Figaro_Etudiant;"Les jeunes Amï¿½ricains ne repï¿½rent pas les fausses informations sur internet";1480259221000;etudiant;0;true
802890644108689410;teenagxreed;"j'ai ï¿½tï¿½ au salon de l'ï¿½tudiant aujourd'hui, je suis encore plus perdue qu'avant, c'est fou";1480259021000;etudiant;0;true
802896710657839104;Chlorophylienne;"Voter pour un mec de droite contre un autre mec de droite ? C'est non, je le fais dï¿½jï¿½ au 2nd tour de chaque prï¿½sidentielle. Gratis en plus";1480260467000;presidentielle;0;true
802888744839757825;Alumnya;"La Junior Entreprise de GEM ï¿½lue meilleure association ï¿½tudiante de France ï¿½ï¿½";1480258568000;etudiant;4;true
802895501439868928;jakouiller;"Comme d'habitude les communistes de la CGT s'assoient sur la dï¿½mocratie";1480260179000;presidentielle;0;true
802869672488136704;asapwizzle;"au salon de l'ï¿½tudiant j'ai vu plein de FAC sympa";1480254021000;etudiant;4;true
802899908646830080;sboully2046;"Et le cinï¿½ma crï¿½a la femme fatale...Gene Tierney envoï¿½tante & mystï¿½rieuse dans "Lï¿½";1480261230000;cinema;2;true
802905128093110273;France_aime_bot;"Je suis trï¿½s mignon??";1480262474000;france;4;true
802903748389400576;berinlenain;"Moi je suis pas compliquï¿½ ma ville de naissance et de coeur c'est la mï¿½me ?";1480262145000;naissance;2;true
802898540485746688;LactuDuSport;"Rugby - Pro D2 - 12e J - A la faveur de son succï¿½s face ï¿½ Vannes, Oyonnax retrouve la tï¿½te";1480260903000;actualites;4;true
802905130341310465;OuestFrance_56;"Quiberon. Prï¿½s de 4 tonnes de denrï¿½es ï¿½ la collecte alimentaire";1480262474000;france;2;true
802776779819716608;ghoistintheprom;": Vous dï¿½tes une conneries, un toxicomane mï¿½me sans RSA trouvera toujours un moyen de payer sa drogue (dï¿½linquance).";1480231873000;delinquance;2;true
802595898404507649;chirpichirp;"D'autre part, question dï¿½linquance (hors petits trafics et prostitution soft), ï¿½a file droit ï¿½ Cuba. Pas de racaille !";1480188748000;delinquance;0;true
800031518429237248;0fa50151fbad4b3;"J'aime une vidï¿½o  de ï¿½- Mega Ouverture de 100 Boosters Pokemon EVOLUTIONS  SUBLIME ULTRA RARE !!";1479577352000;pokemon;4;true
802894153562484736;LeMontlherien;"JMLP n'ï¿½tait pas un politicien, mais un guerrier. Qu'il laisse aux tacticiens le soin de remporter la prï¿½sidentielle";1480259857000;presidentielle;2;true
802905141145780226;wnewspress;"Un camion de pompiers volï¿½, du dï¿½jï¿½-vu ï¿½ Rennes";1480262477000;france;2;true
802903513261101056;mokannosaure;"Je suis allï¿½e voir "Les Animaux Fantastiques" hier au cinï¿½ma et c'ï¿½tait tout simplement magique !";1480262089000;cinema;4;true
802874930136170496;POPSUGARFR;"Les compï¿½tences en maquillage de cette star de  sont sï¿½rieusement magiques";1480255274000;harrypotter;4;true
802895268458827777;lucia_moaca;"L'armï¿½e amï¿½ricaine veut larguer des bombes ï¿½ plasma dans l'ionosphï¿½re   de l'espace";1480260123000;actualites;0;true
802899397520531456;micheldordogne;"Valence : mutinerie et incendie au centre pï¿½nitentiaire sur Orange Actualitï¿½s";1480261108000;actualites;0;true
802899840221016064;micheldordogne;"Les confessions choc des conseillers de Franï¿½ois Hollande sur Orange Actualitï¿½s";1480261213000;actualites;2;true
802867955306524672;senddyourconfes;"QUI AURAI UN CODE PROMO ï¿½TUDIANT ASOS SVVPP";1480253611000;etudiant;2;true
802899838610313216;ChanPerco;"Il repart au volant dï¿½une Tesla en utilisant une faille de lï¿½application mobile";1480261213000;actualites;0;true
802831655266349056;a_liivee;"Ce qui est ridicule, c'est les personnes se disant vï¿½gï¿½tarien pour ï¿½tre vï¿½gï¿½tarien juste pour dire "je suis vï¿½gï¿½tarien regardez moi"";1480244957000;vegetarien;0;true
802845408145731586;Tetsune_j;"jpense pas ^^ et tu px ï¿½tre vï¿½gï¿½tarien en ayant quelqu'un qui ne l'est pas ^^ je connais pas mal de vegan ayant des copains carniste";1480248236000;vegetarien;2;true
802896839334707200;ParisFranceNews;"Primaire de la droite : les bureaux de vote ouverts pour dï¿½partager Fillon et Juppï¿½ -";1480260498000;presidentielle;2;true
802910855603965952;julixt_te;"-Les chaussures que je voulais sont en rupture? - Oh merde je comptais te les prendre ï¿½ Noï¿½l! Mdr comment ï¿½tre dï¿½goï¿½tï¿½e x2";1480263839000;rupture;0;true
802905365008433153;AnonKari;"Mï¿½lenchon montre ainsi de quelle faï¿½on il gouvernerait la France s'il ï¿½tait ï¿½lu : Une dictature digne de celle de Cuba";1480262530000;france;0;true
802914430313000960;VeilleDeCM;"Crï¿½ation d'entreprise : de quelles aides bï¿½nï¿½ficier aprï¿½s une rupture conventionnelleï¿½?";1480264692000;rupture;2;true
800005704979509248;emacron2017;"Prï¿½sidentielle 2017: Najat Vallaud-Belkacem dï¿½fend la candidature de Hollande et attaque celle de Macronï¿½";1479571198000;presidentielle;2;true
802897696629592065;calim3ra;"Une boule de noï¿½l avec une paire de chaussettes ï¿½ l'intï¿½rieur. Le cadeau idï¿½al pour Dumbledore !";1480260702000;harrypotter;4;true
800005823309168641;LaGaucheJuppe;"Danger ! Fillon ne rassemble pas. Il n'est pas certain qu'il batte Marine Le Pen au second tour de l'ï¿½lection prï¿½siï¿½";1479571226000;presidentielle;0;true
802898944858722304;sferihedi;"Un intestin humain recrï¿½ï¿½ avec des cellules souches, une premiï¿½re !";1480261000000;actualites;4;true
802897294592983040;at2rty;"Mï¿½lenchon, le candidat de la raison - AgoraVox le mï¿½dia citoyen  via";1480260606000;actualites;2;true
802898672409309184;sferihedi;"Nouveautï¿½s pour le don d'organes";1480260935000;actualites;4;true
802895637868150784;Polydamas;"On vous a volï¿½ les primaires, ne vous faï¿½tes pas voler la prï¿½sidentielle !";1480260211000;presidentielle;0;true
800005010373439488;TomMery;"Fillon, la remontï¿½e fantastique";1479571032000;presidentielle;4;true
802902272250433536;0n3Up;"il dise que c'est enregistrï¿½ dans des studio de cinï¿½ma dans la Zone51 car les hangar ressemble au studio de Hollywood";1480261793000;cinema;2;true
802911070524502017;blvckrosa;"Mdr ï¿½a me fait la vie dure pendant 2 ptn d'annï¿½es et moi, je m'intï¿½resse ï¿½ quelqu'un d'autre aprï¿½s la rupture et c 3e guerre";1480263891000;rupture;0;true
802896488049348609;MoutonNoirCeven;"Ne laissons pas les cathos rï¿½acs de la droite extrï¿½me croire qu'ils ont dors et dï¿½jï¿½ gagnï¿½ la prï¿½sidentielle !ï¿½";1480260414000;presidentielle;0;true
802894309712240640;Mike_le_geek;"Prï¿½sidentielleï¿½: Philippe Martinez prï¿½vient que ï¿½ï¿½la mobilisation sera dï¿½actualité » en cas de victoire de la droitï¿½";1480259895000;presidentielle;4;true
802901979534082052;Pocahantas_M;"La fac qui va me laissï¿½ une semaine de rï¿½vision, j'ai pas de cours je rï¿½vise quooooi? Donc c'est une semaine de vacances oui";1480261723000;revision;4;true
802896403693502464;AldoSterone111;"Kidnapping d'enfants en Algerie... ils les tuent pour de la sorcellerie";1480260394000;actualites;0;true
802895285827473409;MichelBugeia1;"Prï¿½sidentielle 2017 : Franï¿½ois Hollande rï¿½agit aux propos de Manuel Valls";1480260127000;presidentielle;2;true
802896672686829568;ParisFranceNews;"Ivan Levaï¿½ : "Il faut que les journalistes arrï¿½tent de regarder par le trou de la serrure" -";1480260458000;actualites;0;true
802917835991302144;aliciasgard;"merci j'ï¿½tais dï¿½moralisï¿½e de devoir passer les vacances de noï¿½l pï¿½riode que j'aime et que j'attends le plus ï¿½ rï¿½viser/stresser";1480265504000;noel;0;true
802873048462462977;will_fortier;"De la nouvelle misï¿½re en milieu ï¿½tudiant -  via";1480254826000;etudiant;0;true
802918130368610304;Coline_Arya;"Jme suis fait agresser par des paillettes on dirait un arbres de Noï¿½l";1480265574000;noel;0;true
802913474015657984;cm_zelie;"je souhaite votre rupture";1480264464000;rupture;0;true
802904967015108608;didiergildas;"Castro a libï¿½rï¿½ son peuple de la mafia US Mï¿½lenchon libï¿½rera la France de la soumission ï¿½ la finance mondialisï¿½e";1480262436000;france;2;true
804000582881132544;AllEyesOnMePac;"Vos rappeurs qui se fond tuer en faisant du vÃ©lo";1480523651000;velo;0;true
802882580433354752;JohnSimantov;"Je peux mï¿½me pas accï¿½der ï¿½ mon dossier ï¿½tudiant sur le site, carrï¿½ment ils m'ont dï¿½jï¿½ virï¿½ l'utt";1480257098000;etudiant;0;true
802896596149141509;NickylNicky;"franchement  aucun n'a et n'avait aucune chance d'arriver  ï¿½ la presidentielle simplement 'exprimer nos idï¿½es pas mal !!";1480260440000;presidentielle;0;true
802918036969635840;navieavy;"Ma mï¿½re elle me demande ce que je veux pour Noï¿½l je lui dis aller ï¿½ Disney elle m'a dit non tu te demerde ??";1480265552000;noel;0;true
802905117913653248;hoodumbass;"alors les vraies choses, bien sur qu'en France on est pas concernï¿½s par le racisme anti blanc, mais par exemple,-";1480262472000;france;0;true
802816887268802560;MyriamDarabie;"c quoi ï¿½tre raciste?Dire non ï¿½ la dï¿½linquance,racaille,attentats, voile=aliï¿½nation,prï¿½ches imams pour charia??!";1480241436000;delinquance;0;true
802896059588628481;jdemourgues;"Merci ï¿½ tous les ï¿½lecteurs de gauche qui viennent financer la campagne prï¿½sidentielle de";1480260312000;presidentielle;4;true
802901576541011968;CallieFRCO;"Elle rit lï¿½gï¿½rement en voyant le dernier message, puis finit par s'endormir. Le lendemain, elle arriva ï¿½ l'Universitï¿½ vers 9h.";1480261627000;universite;2;true
802917806916456448;assia_karraz;"J'aimerais trop aller ï¿½ Disney pour Noï¿½l mï¿½me si je le fï¿½te pas, c'est un truc ï¿½ voir ï¿½a doit ï¿½tre trop beau";1480265497000;noel;4;true
802855402119401472;ChrystelCoudert;"ï¿½tre vï¿½gï¿½tarien est mauvais pour la santï¿½";1480250618000;vegetarien;0;true
802908734179704832;Ismaelkitenge1;"des professeurs ou? Pour quelle leï¿½on? Si vraiment ï¿½ l universitï¿½ je comprends pourquoi le pays est dans la bassesse";1480263334000;universite;2;true
802897735070470144;le985fm;"Deuxiï¿½me tour de la primaire de droite en France: Fillon largement favori";1480260711000;actualites;4;true
802896905793638400;RelaisForex;"Porsche veut vendre 20.000 voitures ï¿½lectriques par an";1480260514000;actualites;4;true
802898728063381504;aspooka;"putain mais un mois de rï¿½vision jvais finir en dï¿½pression en janvier c'est pas possible jsuis pas prï¿½te";1480260948000;revision;0;true
807514423434899456;F_ndere;"La Russie a interfÃ©rÃ© dans la prÃ©sidentielle pour aider Trump Ã  gagner, affirme la CIA  via ";1481361416000;prÃ©sidentielle;0;true
802914677500022785;urmumsaidimhot;"on a mangï¿½ vï¿½gï¿½tarien, plus jamais j'me moque des vegans c bcp trop bon";1480264751000;vegetarien;4;true
802910040013279236;TRFragrances;"Bientï¿½t en rupture de stock";1480263645000;rupture;0;true
802899855727267840;actualites_nrv;"Tardi: le dernier assaut du chroniqueur des tranchï¿½es au moment oï¿½ pr certains la guerre revient ï¿½ la modeï¿½";1480261217000;actualites;0;true
802892151696728066;roduitbenjamin;"Superbe journï¿½e prï¿½sidentielle ï¿½ Sierre. Un vent nouveau, celui d'une jeunesse qui s'engage. Bravo Pierre.";1480259380000;presidentielle;4;true
802898750511448064;RdP_Foot;"Quand un sandwich met le feu au PSGï¿½";1480260953000;actualites;2;true
802913861217251328;lauuuiiure;"Bon faut que je me fasse un programme de rï¿½vision parce que la c tres tres critique";1480264556000;revision;2;true
802896568516943872;pascalpernai;"Primaire de la droite : ï¿½ qui profitera la hausse de la participation ? - Le Point";1480260433000;presidentielle;4;true
802478763980292096;LEBRAUD;"La liste des quartiers sensibles de France oï¿½ rï¿½gnent la dï¿½linquance, les dealers, les armesï¿½ Les zones de non-droit ! -";1480160821000;delinquance;0;true
802921329347264512;ManonMutschler;"twitter n'est pas une fiche de rï¿½vision ...";1480266337000;revision;2;true
802904969342959621;Pinockies;"c vrai , j'y avais pas penser ma sa change rien au fait que la France aujourd'hui est multiculturelle";1480262436000;france;2;true
802895929732923393;abissane;"Dans tous les cas si Fillon gagne la prï¿½sidentielle tous les syndicats bloqueront le pays alors...";1480260281000;presidentielle;0;true
804010567115669504;Fiat_LaScala;"La belle   n'a d'yeux que pour le";1480526031000;velo;2;true
802902284678086660;MaxMably;""Nous detruirons l'ï¿½cole,l'universitï¿½ pour allï¿½ger le cursus scolaire..Nous detruirons l'hï¿½pital pour ï¿½viter l'atteï¿½";1480261796000;universite;0;true
802891276341362688;UminoOkaasan;"vis ma vie d'ï¿½tudiant : "si je m'ouvre le doigt on fait quoi ?" "bah on va ï¿½ l'hï¿½pital" "eh comment, en tram ?" "...bah ouais"";1480259171000;etudiant;0;true
802907229217132545;Arnaud11800;"fait pas le hooligan de tweeter tu vas crever personne t'es une merde tu le sais ta mere t 'as chiï¿½ ï¿½ la naissance !!";1480262975000;naissance;0;true
802893761831268352;bestfweb;"De la naissance d'une vocation aux honneurs du terrain : quand le rï¿½ve devient rï¿½alitï¿½";1480259764000;naissance;4;true
802898990723252224;olivierpaysan;"Mangeons diversifiï¿½ et ï¿½quilibrï¿½. Tout est bon, seul l'excï¿½s est nï¿½faste. Surtout la pensï¿½e unique ï¿½colo bobo.";1480261011000;vegetarien;2;true
802894197963399168;OREGAND1;"Les femmes handicapï¿½es sont victimes de violence dans des proportions trï¿½s ï¿½levï¿½es";1480259868000;actualites;0;true
802881826364727296;Sebb0u;"Magique, drï¿½le, sublime.";1480256918000;harrypotter;4;true
802862057586618368;TamponsdeRoser;"Harry, un ami qui vous veut du bien";1480252205000;harrypotter;4;true
802899710419865601;PdeChamplain;"Par: L'incendie d'une entreprise soupï¿½onnï¿½e de collusion dï¿½clenche une enquï¿½te  via";1480261182000;actualites;2;true
802918093001326600;jlou7712;"non c'est le signe que tes proches auront des idï¿½es cadeaux de Noï¿½l ...";1480265565000;noel;4;true
802893658248781824;PopulusRe;"Parce que Professeur associï¿½, ï¿½a envoie du pï¿½tï¿½, mais c'est pour trois ans seulement. Donc c'est pas un prof d'universitï¿½.";1480259739000;universite;2;true
802919775211028480;weasleyscrown;"Je crois que j'ai vu un peu grand pour mon planning de rï¿½vision, mais bon il faut ce qu'il faut";1480265966000;revision;2;true
807512362852950016;bbpuces;"Julien Dray menace de "mettre son poing dans la face" du chef de cabinet de Le Foll   via ";1481360924000;prÃ©sidentielle;0;true
802897518811983873;ADolleans;"Les ï¿½quipements de protection individuelle amï¿½liorent-ils le bien-ï¿½tre au travail ?";1480260660000;actualites;4;true
802896444231335937;Contrepoints;"Faut-il une pï¿½riode de transition prï¿½sidentielle en France ?";1480260404000;presidentielle;2;true
802898339406770181;Groovision;"Belle dï¿½claration d'amour de Costa-Gavras aux savoir-faire et savoir-ï¿½tre des techniciens du cinï¿½ma franï¿½ais. ??";1480260855000;cinema;4;true
802895320309002241;ericdesc86;"Rï¿½publicains aprï¿½s que la gauche est illuminï¿½ Sarko et place Juppï¿½ pour mieux le battre au prï¿½sidentielle ! Ils s'attaquent ï¿½ FILLON";1480260136000;presidentielle;2;true
802913769026293761;antoine_nantes;"Pour moi c'est foutu. Plus possible de rassembler. Je voterai  pour pousser le systï¿½me ï¿½ la rupture.";1480264534000;rupture;0;true
802897274724614144;metromontreal;"Maxime Bernier dï¿½plore les insultes de Guy A. Lepage et refuse son invitation  -";1480260602000;actualites;0;true
802893584680812544;valparisis;"Les buttes du Parisis verdissent avec lï¿½opï¿½ration ï¿½ Une naissance, une plantation ï¿½";1480259722000;naissance;4;true
802808643938873344;DominoisF;"Sans steaks et sans carences : ï¿½tre vï¿½gï¿½tarien... et en bonne santï¿½  via";1480239470000;vegetarien;4;true
802905122229600256;michon_olivier;"je n'ai pas dit qu'elles ï¿½taient meilleures que la France mais meilleures techniquement.Manque la puissance.";1480262473000;france;4;true
802918023073964037;badgalfvntax;"Noï¿½l je vais ï¿½ Disney";1480265548000;noel;4;true
802896909773869056;ToutelaPresse;"Primaire de la droite : ï¿½ qui profitera la hausse de la participation ? - Le Point";1480260515000;presidentielle;2;true
802905147764445185;wnewspress;"Mutinerie dans la prison de Valence. Assaut des forces de l'ordre";1480262479000;france;2;true
802617929816834048;TremplinGend;"Les chiffres de la dï¿½linquance ne seraient pas aussi fiables que lï¿½on pourrait le penser...";1480194001000;delinquance;2;true
802823516731142144;_PhilV;"Il faut revoir la loi sur la dï¿½linquance des mineurs, c'est hallucinant ce genre d'agressions ! Et oï¿½ sont les pareï¿½";1480243016000;delinquance;2;true
802918078589837313;JustMeElodie;"Quoi de mieux qu'un dimanche sous un plaid avec un thï¿½ et un film de noï¿½l ? ?";1480265562000;noel;4;true
802896387759341568;le985fm;"ï¿½lection de Donald Trump: des mosquï¿½es demandent plus de protection";1480260390000;actualites;2;true
802896652247986176;ParisFranceNews;"Le Parti communiste franï¿½ais se rallie ï¿½ Jean-Luc Mï¿½lenchon -";1480260453000;presidentielle;2;true
802904895238062080;lavillier;"mr vous voulez faire 70%de smicar gros problï¿½me pour la France pas de rentrï¿½e d'argent";1480262418000;france;0;true
807640593182691329;arobase38;"cdanslair la dÃ©prime quand on voit tous ces gamins se battre dans la cour de rÃ©crÃ© politique la france ne mÃ©rite pas mieux";1481391497000;france;0;true
807641405564850176;OuestFrance;"chasse un jeune de  ans tuÃ© en corse ";1481391690000;france;0;true
807641422291668992;BobNicoferon;"ce mec et ces franÃ§ais qui le soutienne sont barges ils vont ns amener la prÃ©caritÃ©l'austeritÃ© et le dÃ©membrement";1481391694000;france;0;true
807641448615149568;Belzebuth;"le mec s'adresse Ã  la france quoi chevilles";1481391701000;france;2;true
807640885496266752;jmandrin;"c'est la france islamisee que tu montres c'est en effet le rÃ©sultat socialo";1481391567000;france;0;true
807640650946482176;ArnaudFichou;"toi aussi participe au calendrier de l'avent ouestfrance et tente de gagner de nombreux cadeaux  ";1481391511000;france;4;true
807641205324455936;VisionLuxeParis;"crÃ©er une startup en france c'est se condamner Ã  Ã©chouer avant mÃªme d'avoir commencÃ© il y a de meilleurs";1481391643000;france;0;true
807640109923217408;OUPSI;"on va laisser passer l'effet de mode et voyons son projet pour toute la france histoire qu'on se marre";1481391382000;france;2;true
807640116550246400;Robot_Bastard;"  je mange la france";1481391383000;france;0;true
807640398227066880;EVACHRISTIAN30;"la france n'a pas besoin d'Ãªtre mise au pas mais d'Ãªtre dÃ©barrassÃ©e de l'islam pour Ã§a la russie ne peut que nous Ãªtre utile";1481391450000;france;0;true
807640133092642816;AresXVII;" la france veut pas de raciste comme toi je me bat tout les jours avec des musulmans ils ont plus de mÃ©rite que toi";1481391387000;france;2;true
807639887889465344;SoniaxH;"a croire qu'il a proposÃ© un truc qui va rÃ©volutionner la france";1481391329000;france;2;true
807640971748012032;alexrod91622735;"sortir de l ue implique la sortie de l euro de facto et la reprise de la souverainetÃ© de la banque de france au lie";1481391587000;france;2;true
807640712736952320;premseosea;"  je sas qu'il y en a pas mal ds la mafia lyonnaise normalement  c la capital du funk en france";1481391525000;france;0;true
807640697016827904;Davidou35;"brouillard vous Ãªtes sÃ»r que ce n'est pas les retombÃ©s de la pollution  du brouillard sur toute la france";1481391522000;france;0;true
807640437150412802;bkf_mohamed;"millions de vue tchikita soit toute la france et la moitie de l'algerie mdr";1481391460000;france;4;true
807641548359925760;PatatoOor;"je dis Ã§a pour le fait que lâ€™action de la france est assez symbolique";1481391725000;france;2;true
807640442238074880;latitude530859;"sincÃ¨rement je suis impressionnÃ© et qu'on ne vienne pas me dire qu'il est de gauche une france dÃ©barra";1481391461000;france;4;true
807641559063732224;LindaChouard;"les parlementaires dÃ©noncent l'Â«usage dÃ©tournÃ©Â» de l'Ã©tat d'urgence";1481391727000;france;2;true
807640744148115456;avril_sylvie;"l'islamisation de la france dÃ¨s l'Ã©cole c'est scandaleux";1481391533000;france;0;true
807641583994564608;JMLL18;"la france fourbue avec une gauche caviar ou lâ€™argent des autres et une droite nÃ©olibÃ©rale qui fustige que faire ";1481391733000;france;0;true
807639925524955136;tselion;"peutÃªtre que si  entend mort aux juifs dans les rue de paris  il comprendrait comme en ";1481391338000;france;0;true
807641039162851329;rsistons;"macron est l'homme du nouvel ordre mondial avec comme tremplin l'ue et le meltingpot comme merkel le veut destruction de la france";1481391603000;france;0;true
807639990754742272;vinadelmar1970;"pour une france sobre et intelligente";1481391353000;france;4;true
807640002213593088;VilleCannes;"? bravo  qui a arrÃªtÃ© a sa carriÃ¨re en  avec un e titre de championne de france et  ans Ã  lâ€™emblÃ©";1481391356000;france;4;true
807641124676304896;mayasdolly;"finis les Â«bobosÂ» l'heure est maintenant aux Â«bouboursÂ»  les bourgeoisbourrins";1481391624000;france;2;true
807640043229589504;RogerDu94385288;"macron qui contemple le nÃ©ant dans les yeux le temps d'une aprÃ¨smidi avec ses amis triste france revolutionenmarche";1481391366000;france;0;true
807640617102688256;Petre_Bogdan;"france inauguration de lascaux rÃ©plique intÃ©grale de la grotte prÃ©historique? rtl belgique";1481391503000;france;4;true
807640075777359872;EnMarcheLeHavre;"vive la rÃ©publique vive la france  suivi de la marseillaise chantÃ©e Ã  vive voix";1481391373000;france;4;true
807641454642429952;MalthusOUT;" un projet clair et cohÃ©rent pour la france rÃ©volutionenmarche";1481391702000;france;4;true
807641204464766976;Limportant_fr;"pourquoi la france est devenue nulle en maths  a lire et Ã  appliquer dÃ¨s   sociÃ©tÃ©";1481391643000;france;0;true
807640122267148289;Twystsky;"mÃªme fond d'Ã©cran que valls  et mÃªme cinoche  pauvre france   macron  heure  de gesticulations pour gogoles ";1481391385000;france;0;true
807641499236270081;eyrio234;"  c'est la tout le problÃ¨me ea ne fait rien car on continue Ã  faire les pigeons et Ã  acheter fifa";1481391713000;france;0;true
807641027867766784;RodolpheRobin;"en visite dans la france profonde halluciner devant un bon vieux jt de pernault";1481391600000;france;2;true
807641309250875392;InsoumisNice;"  tous ensemble derriÃ¨re la france insoumisel'union fait la forcevite  Ã¨me rÃ©publique";1481391668000;france;4;true
807640789568237569;sochaux_lapin;"le nordest est jaune et bleu bon exception ce soir il est un peu quÃ©bÃ©cois aussi pour le er concert en france";1481391544000;france;4;true
807641362719973376;LecontePatrick;"extraordinaire discours programme d'emmanuel macron qui prÃ©pare une vraie rÃ©volution pour la france";1481391680000;france;4;true
807641087846256640;LatomikaZz;"revolutionenmarche je suis d'accord la france ne pourra jamais faire face aux usa en terme de numÃ©rique avec l'europe on pourra";1481391615000;france;2;true
807639986237534208;pika_puce;"bah j'vis en france et je suis dÃ©jÃ  allÃ© plusieurs fois en italie";1481391352000;france;2;true
807641069894635521;DemosDefender;"je suis d'accord avec  fÃªte nationale devrait Ãªtre le  aoÃ»t la date de l'abolition des privilÃ¨ges en france";1481391610000;france;2;true
807640527294304256;LCFC_France;"c'est la renaissance";1481391481000;france;2;true
807640280472154112;SahadSarr;"salam aprÃ¨s le maroc et la france nous sommes de retour au sÃ©nÃ©gal pour partager avec vous un grand concert qui";1481391422000;france;4;true
807640296511197184;ikhayale;"dÃ©part de bernard cazeneuve de la place beauvau  les syndicats sortent la brosse Ã  reluire pas nous";1481391426000;france;2;true
807641113431539712;brice_theate;"presidentielle incroyable vive la rÃ©publique vive la france prononcÃ© dans un rÃ¢le pa  via";1481391621000;france;4;true
807640309114945536;ErrorOffice;"tu es en marche vers l'enfer et tu veux y emmener la france avec le diable islamique nous te souhaitons maladie incurable";1481391429000;france;0;true
807640871277658112;Elykia_wamii;"il faudrait que les maires d'Ã®le de france s'entendent pic de pollution Ã  paris et feux d'artifice Ã  st brice sous forÃªt";1481391563000;france;2;true
807640610454859776;METACAPUCHE;"les derniÃ¨res secondes du discours d' Ã©taient sponsorisÃ©es par l'amicale des hystÃ©riques de france calm down manu";1481391501000;france;2;true
807640080655339520;nashtags;"ne prÃ©tendez pas rassembler qd vous excluez    tout en faisant du pied Ã ";1481391375000;france;2;true
807640652213321730;vinzniv;" les cotisations par des taxes pour doper la conso Ã§a ne crÃ©e pas dâ€™emploi si on ne produit pas en france";1481391511000;france;2;true
807640918975270912;OrlaneFardel;"pour faire un dÃ©placement en france on a traversÃ©  pays  france  belgique  luxembourg  allemagne pour revenir en france ??";1481391574000;france;2;true
807640095687901184;jeje70;"fais comme moi participe au jeu ouestfrance angers bd et tente de gagner bande dessinÃ©e  ouestfrancejeux";1481391378000;france;4;true
807640403973468161;Daniel_Jerome44;"attentat dÃ©jouÃ©  un sixiÃ¨me suspect mis en examen et Ã©crouÃ©";1481391452000;france;0;true
807640387716259840;Daniel_Jerome44;"trois questions sur la prolongation de l'Ã©tat d'urgence";1481391448000;france;2;true
807639857128275968;lambda_citoyen;"la france est une nation insoumis e         transmettons cet hÃ©ritage sacrÃ© jlm";1481391321000;france;4;true
807641242846666752;rikiki452;"france  un nombre croissant de zones du territoire Â«interdites aux femmesÂ» par les musulmans";1481391652000;france;0;true
807641262308388864;jenny_annabel;"pfff la bonne blague que demande la france au gabon car la dÃ©cision du peuple gabonais a Ã©tÃ© prise depuis le ao";1481391656000;france;2;true
807639920852484096;SuPierreman_;"heureux d'apprendre la victoire Ã©cransante  du plus grand club de l'histoire en france l'om face Ã  la redoutable Ã©quipe dijonnaise";1481391337000;france;4;true
807641295816708096;tanyalaroque;"le grand dÃ©fi de la france n'est pas le terrorisme mais le droit au travail pour tous ceux qui ont envie de se retrousser les manches";1481391664000;france;2;true
807641567662116866;Le360fr;"france plainte contre francis ford coppola et sa fille sophia";1481391729000;france;0;true
807640492410306561;IslamicIintelli;"rÃ©vÃ©lationla france total et elf ont provoquÃ© des tremblements de terre meurtriers en algÃ©rie";1481391473000;france;0;true
807639937931706368;Stradi1;"des agences bnp paribas ciblÃ©es par des actions contre l'Ã©vasion fiscale partout en france  via";1481391341000;france;0;true
807641584691007488;LaurentDUBOIS;"la revolutionenmarche  cest plus de drapeaux europÃ©ens que franÃ§ais l'europe citÃ©e plus de fois que la france ds le discours bof";1481391733000;france;0;true
807641017847599108;CedricOlympien;" que c'est beau vraiment les seuls supporters en france a pouvoir proposer un tel spectacle bravo les gars???";1481391598000;france;4;true
807641593767428096;PatMail31;"il veut surtout mettre l'europe au centre de la france";1481391735000;france;2;true
807640493165342720;LaboDecolonial;"Â«faire de l'antiracisme politique en france aujourd'hui soulÃ¨ve de nbses rÃ©sistances de la gauche blanche en particulierÂ» fauxalliÃ©s";1481391473000;france;2;true
807641595159998464;FredeMorice;"perso j'ai ma prÃ©fÃ©rence mais tu prÃ©fÃ¨res qui en champion de france";1481391736000;france;2;true
807640770597580805;Vieira83848559;"j'espÃ¨re vous allez tous mourir bande de grosses merdes que vous Ãªtes";1481391539000;france;0;true
807640519169875968;Bastiat2022;"c'est joliment ditmais Ã§a peut Ãªtre autant une Ã©tatisation complÃ¨te ou une libÃ©ralisation avec socle minimum";1481391479000;france;2;true
807640256300404736;marialuis91;"rÃ©vÃ©lationla france total et elf ont provoquÃ© des tremblements de terre meurtriers en algÃ©rie";1481391416000;france;0;true
807640817422757888;JPWHYERES;"les belles architectures marseille  france";1481391550000;france;4;true
807641121077792768;Amilmoumoufyb;"ne rassemble pas lz gauche ou la droite mais il rassemble les franÃ§ais la france macron";1481391623000;france;4;true
807640833226919936;vojkan_milos;" la france est courtoise et respectueuse les valeurs franÃ§aises lui sont Ã©trangÃ¨res";1481391554000;france;4;true
807640833713405952;Toooto_13;"pour le bien du football et pour la palestine il faut que monaco soit champion de france";1481391554000;france;4;true
807640019770822656;JohnJLMarshall;"france je viens de comprendre pourquoi macron ne participe pas Ã  la primairegauche er grand meeting le programme c'est du vent";1481391360000;france;2;true
807640310058782720;yacoubahmat;"faut pas exagerer comptez le nombre d'attentats en france";1481391429000;france;0;true
807641150366457856;ItisMoody;"le canada Ã  la recherche de millions de travailleurs francophones";1481391630000;france;2;true
807641428947914752;SF_CSP;"le discours bisounours miss france honteusement plagiÃ© par macron ce soir enmarche revolutionenmarche";1481391696000;france;0;true
807641434534780928;FloraViguie;"selon une enquÃªte les jeunes franÃ§ais se disent Ã   Â«heureuxÂ»  via";1481391697000;france;4;true
807640916831793153;EVACHRISTIAN30;"et non je n'ai pas mon mot Ã  dire en france un mot de travers sur l'islam et c'est la comparution devant un tribunal de vendus";1481391574000;france;0;true
807640116067864576;tpadilla_;"il faut avoir la modestie de le reconnaitre il y a une france qu'on entend moins qu'une autre mais elle existe on ne gagne pas sans elle";1481391383000;france;2;true
807640954748317696;ErrorOffice;"macron est un criminel politique avec eu criminelle il veut tuer la france par islam c'est un corrompu d'islam";1481391583000;france;0;true
807639855438008320;dariolacan;"roger chartier collÃ¨ge de france et ehess signe la pÃ©tition pour sauver la bibliothÃ¨que de la fmsh ";1481391321000;france;4;true
807640421912309761;WeCanHeaart_It;"rendezvous ce soir dÃ¨s h sur france  pour ''les annÃ©es bonheur'' avec    ?";1481391456000;france;4;true
807640134606880768;anaidul_;"encore  exemple que le canada est  avancÃ© que la france ils mettent une femme voilÃ©e Ã  la tv dmmge que les franÃ§ais soient tant en retar";1481391387000;france;2;true
807640158363324416;1515leretour;"la france sera libre quand onaura dÃ©cimÃ© ces racailles";1481391393000;france;0;true
807641505821294596;tselion;"  mon seul intÃ©rÃªt et de faire prendre conscience de la rÃ©alitÃ© de l'islam au peuple de france  altruisme";1481391714000;france;2;true
807640150545199104;ngrilly;" personnes dans la salle   dÃ©jÃ  en france portent un changement juste pour la france et les franÃ§ais ";1481391391000;france;2;true
807640707288731649;MedTaha_MIT;"medtaha mit attentat dÃ©jouÃ© en france  le sixiÃ¨me suspect interpellÃ© Ã  strasbourg mis en";1481391524000;france;0;true
807641550108979200;JohannElser;"   pas problÃ¨me comme mes ancÃªtres je donnerai mon sang pour une france libre";1481391725000;france;4;true
807640454741299200;angeo_angeo;"comme champion de france c'est plus crÃ©dible";1481391464000;france;4;true
807640173156536320;Hisaka67;"jme dit souvent qu'on a de la chance d'habiter en france";1481391397000;france;4;true
807641008431370240;EnMarcheParis18;"fin d'un magnifique meeting  marchons en france  allons convaincre chaque citoyen  revolutionenmarche";1481391596000;france;4;true
807641579871760384;lorenzosalvador;"bravo    vous faites honneur Ã  la france et Ã  son message universel";1481391732000;france;4;true
807639929807405056;W_I_int;"pour le chef des farc l'accord signÃ© en colombie jette les bases d'une paix durable ";1481391339000;france;4;true
807640486181830657;MfeneSympho;"les parlementaires dÃ©noncent l'Â«usage dÃ©tournÃ©Â» de l'Ã©tat d'urgence  by mediapart via";1481391471000;france;0;true
807640778822459392;BertrandLapraye;"macron  vous devriez raccourcir vos discours vous avez fini avec une voix Ã©raillÃ©e qui vous fait rater le vive la france";1481391541000;france;2;true
807639964620091392;fr_actualite;"corse un homme de  ans tuÃ© dans une partie de chasse â€“ouestfrance";1481391347000;france;0;true
807640540942573568;baekkorn;"pour Ã§a le nord c cool  t'es pas trÃ¨s trÃ¨s loin comparÃ© aux autres villes lÃ sud de la france who";1481391484000;france;4;true
807640525675384832;francediplo;"les droits de lâ€™homme  une prioritÃ© de la politique Ã©trangÃ¨re de la france  humanrightsday";1481391481000;france;4;true
807641388431081473;Hayki_;"macron quel discours innovant c une chance pour la france il est anti systÃ¨me et pas prisonnier des dogmes politiques devenus ringards";1481391686000;france;4;true
807640566594945024;RaySeven719;"j'aime une vidÃ©o  jul Ã  la france a un incroyable talent  Ã  l'adresse";1481391490000;france;4;true
